module_name,dep_module_name,object_used
canopyfluxesmod,shr_kind_mod,shr_kind_r8
canopyfluxesmod,elm_varctl,use_c13
canopyfluxesmod,elm_varctl,use_lch4
canopyfluxesmod,elm_varctl,use_cn
canopyfluxesmod,elm_varctl,use_fates
canopyfluxesmod,elm_varctl,iulog
canopyfluxesmod,elm_varctl,use_c14
canopyfluxesmod,elm_varctl,use_hydrstress
canopyfluxesmod,elm_varpar,nlevgrnd
canopyfluxesmod,elm_varpar,nlevsno
canopyfluxesmod,elm_varcon,alpha_aero
canopyfluxesmod,elm_varcon,csoilc
canopyfluxesmod,elm_varcon,c14ratio
canopyfluxesmod,elm_varcon,namep
canopyfluxesmod,elm_varcon,tfrz
canopyfluxesmod,elm_varcon,denh2o
canopyfluxesmod,elm_varcon,tlsai_crit
canopyfluxesmod,elm_varcon,vkc
canopyfluxesmod,elm_varcon,grav
canopyfluxesmod,elm_varcon,cpair
canopyfluxesmod,elm_varcon,degpsec
canopyfluxesmod,elm_varcon,denice
canopyfluxesmod,elm_varcon,isecspday
canopyfluxesmod,elm_varcon,hvap
canopyfluxesmod,elm_varcon,sb
canopyfluxesmod,pftvarcon,irrigated
canopyfluxesmod,pftvarcon,nfixer
canopyfluxesmod,pftvarcon,crop
canopyfluxesmod,decompmod,bounds_type
canopyfluxesmod,photosynthesismod,photosynthesis
canopyfluxesmod,photosynthesismod,fractionation
canopyfluxesmod,photosynthesismod,photosynthesistotal
canopyfluxesmod,photosynthesismod,photosynthesishydraulicstress
canopyfluxesmod,soilmoiststressmod,set_perchroot_opt
canopyfluxesmod,soilmoiststressmod,calc_volumetric_h2oliq
canopyfluxesmod,soilmoiststressmod,calc_root_moist_stress
canopyfluxesmod,soilmoiststressmod,calc_effective_soilporosity
canopyfluxesmod,surfaceresistancemod,do_soilevap_beta
canopyfluxesmod,surfaceresistancemod,getlblcef
canopyfluxesmod,vegetationpropertiestype,veg_vp
canopyfluxesmod,atm2lndtype,atm2lnd_type
canopyfluxesmod,canopystatetype,perchroot
canopyfluxesmod,canopystatetype,perchroot_alt
canopyfluxesmod,canopystatetype,canopystate_type
canopyfluxesmod,cnstatetype,cnstate_type
canopyfluxesmod,energyfluxtype,energyflux_type
canopyfluxesmod,frictionvelocitytype,frictionvel_type
canopyfluxesmod,soilstatetype,soilstate_type
canopyfluxesmod,solarabsorbedtype,solarabs_type
canopyfluxesmod,surfacealbedotype,surfalb_type
canopyfluxesmod,ch4mod,ch4_type
canopyfluxesmod,photosynthesistype,photosyns_vars_timestepinit
canopyfluxesmod,photosynthesistype,photosyns_type
canopyfluxesmod,gridcelltype,grc_pp
canopyfluxesmod,topounitdatatype,top_as
canopyfluxesmod,topounitdatatype,top_af
canopyfluxesmod,columntype,col_pp
canopyfluxesmod,columndatatype,col_ws
canopyfluxesmod,columndatatype,col_es
canopyfluxesmod,columndatatype,col_ef
canopyfluxesmod,vegetationtype,veg_pp
canopyfluxesmod,vegetationdatatype,veg_wf
canopyfluxesmod,vegetationdatatype,veg_es
canopyfluxesmod,vegetationdatatype,veg_ws
canopyfluxesmod,vegetationdatatype,veg_ef
canopyfluxesmod,timeinfomod,all
canopyfluxesmod,shr_const_mod,shr_const_tkfrz
canopyfluxesmod,shr_const_mod,shr_const_rgas
canopyfluxesmod,shr_flux_mod,shr_flux_update_stress
canopyfluxesmod,elm_varsur,firrig
canopyfluxesmod,topounittype,top_pp
canopyfluxesmod,qsatmod,qsat
canopyfluxesmod,frictionvelocitymod,implicit_stress
canopyfluxesmod,frictionvelocitymod,frictionvelocity
canopyfluxesmod,frictionvelocitymod,force_land_gustiness
canopyfluxesmod,frictionvelocitymod,atm_gustiness
canopyfluxesmod,frictionvelocitymod,moninobukini
canopyfluxesmod,soilwaterretentioncurvemod,soil_water_retention_curve_type
elm_varctl,shr_kind_mod,shr_kind_r8
elm_varctl,shr_kind_mod,shr_kind_cl
elm_varctl,shr_kind_mod,shr_kind_cs
elm_varpar,shr_kind_mod,shr_kind_r8
elm_varpar,elm_varctl,use_c13
elm_varpar,elm_varctl,use_vertsoilc
elm_varpar,elm_varctl,use_extrasnowlayers
elm_varpar,elm_varctl,use_betr
elm_varpar,elm_varctl,create_crop_landunit
elm_varpar,elm_varctl,use_fates
elm_varpar,elm_varctl,use_extralakelayers
elm_varpar,elm_varctl,irrigate
elm_varpar,elm_varctl,iulog
elm_varpar,elm_varctl,use_century_decomp
elm_varpar,elm_varctl,use_c14
elm_varpar,elm_varctl,use_vichydro
elm_varpar,elm_varctl,use_crop
elm_varcon,shr_kind_mod,shr_kind_r8
elm_varcon,shr_const_mod,shr_const_tkfrz
elm_varcon,shr_const_mod,shr_const_latvap
elm_varcon,shr_const_mod,shr_const_cpfw
elm_varcon,shr_const_mod,shr_const_rhofw
elm_varcon,shr_const_mod,shr_const_rdair
elm_varcon,shr_const_mod,shr_const_rgas
elm_varcon,shr_const_mod,shr_const_cday
elm_varcon,shr_const_mod,shr_const_rearth
elm_varcon,shr_const_mod,shr_const_pi
elm_varcon,shr_const_mod,shr_const_cpdair
elm_varcon,shr_const_mod,shr_const_g
elm_varcon,shr_const_mod,shr_const_latice
elm_varcon,shr_const_mod,shr_const_karman
elm_varcon,shr_const_mod,shr_const_latsub
elm_varcon,shr_const_mod,shr_const_stebol
elm_varcon,shr_const_mod,shr_const_cpice
elm_varcon,shr_const_mod,shr_const_rhoice
elm_varcon,shr_const_mod,shr_const_rwv
elm_varcon,shr_const_mod,shr_const_pdb
elm_varcon,elm_varpar,ngases
elm_varcon,elm_varpar,nlevgrnd
elm_varcon,elm_varpar,numrad
elm_varcon,elm_varpar,nlevsoifl
elm_varcon,elm_varpar,nlevlak
elm_varcon,elm_varpar,nlevdecomp_full
elm_varcon,elm_varpar,nlayer
elm_varcon,elm_varctl,use_extrasnowlayers
pftvarcon,shr_kind_mod,shr_kind_r8
pftvarcon,elm_varpar,cft_lb
pftvarcon,elm_varpar,nlevdecomp_full
pftvarcon,elm_varpar,cft_size
pftvarcon,elm_varpar,numcft
pftvarcon,elm_varpar,surfpft_size
pftvarcon,elm_varpar,max_patch_per_col
pftvarcon,elm_varpar,surfpft_lb
pftvarcon,elm_varpar,numrad
pftvarcon,elm_varpar,inir
pftvarcon,elm_varpar,crop_prog
pftvarcon,elm_varpar,mxpft
pftvarcon,elm_varpar,natpft_lb
pftvarcon,elm_varpar,nsoilorder
pftvarcon,elm_varpar,numpft
pftvarcon,elm_varpar,cft_ub
pftvarcon,elm_varpar,ivis
pftvarcon,elm_varpar,maxpatch_pft
pftvarcon,elm_varpar,mxpft_nc
pftvarcon,elm_varpar,natpft_ub
pftvarcon,elm_varpar,surfpft_ub
pftvarcon,elm_varpar,maxpatch_urb
pftvarcon,elm_varpar,natpft_size
pftvarcon,elm_varctl,use_vertsoilc
pftvarcon,elm_varctl,use_dynroot
pftvarcon,elm_varctl,create_crop_landunit
pftvarcon,elm_varctl,use_fates
pftvarcon,elm_varctl,nu_com
pftvarcon,elm_varctl,paramfile
pftvarcon,elm_varctl,iulog
pftvarcon,elm_varctl,use_crop
pftvarcon,elm_varcon,tfrz
decompmod,shr_kind_mod,shr_kind_r8
decompmod,elm_varctl,iulog
decompmod,elm_varcon,grlnd
decompmod,elm_varcon,nameg
decompmod,elm_varcon,namep
decompmod,elm_varcon,namet
decompmod,elm_varcon,namec
decompmod,elm_varcon,namel
decompmod,elm_varcon,namecohort
decompmod,domainmod,ldomain
domainmod,shr_kind_mod,shr_kind_r8
domainmod,elm_varctl,iulog
photosynthesismod,shr_kind_mod,shr_kind_r8
photosynthesismod,elm_varctl,use_c13
photosynthesismod,elm_varctl,use_cn
photosynthesismod,elm_varctl,use_fates
photosynthesismod,elm_varctl,carbonphosphorus_only
photosynthesismod,elm_varctl,carbonnitrogen_only
photosynthesismod,elm_varctl,iulog
photosynthesismod,elm_varctl,carbon_only
photosynthesismod,elm_varctl,use_c14
photosynthesismod,elm_varctl,use_hydrstress
photosynthesismod,elm_varpar,nvegwcs
photosynthesismod,elm_varpar,nlevcan
photosynthesismod,elm_varpar,mxpft_nc
photosynthesismod,elm_varpar,mxpft
photosynthesismod,elm_varpar,nlevsoi
photosynthesismod,elm_varcon,namep
photosynthesismod,elm_varcon,tfrz
photosynthesismod,elm_varcon,rpi
photosynthesismod,elm_varcon,rgas
photosynthesismod,elm_varcon,spval
photosynthesismod,decompmod,bounds_type
photosynthesismod,quadraticmod,quadratic
photosynthesismod,vegetationpropertiestype,veg_vp
photosynthesismod,atm2lndtype,atm2lnd_type
photosynthesismod,cnstatetype,cnstate_type
photosynthesismod,canopystatetype,canopystate_type
photosynthesismod,solarabsorbedtype,solarabs_type
photosynthesismod,surfacealbedotype,surfalb_type
photosynthesismod,photosynthesistype,photosyns_type
photosynthesismod,vegetationtype,veg_pp
photosynthesismod,allocationmod,nu_com_leaf_physiology
photosynthesismod,pftvarcon,vcmax_np2
photosynthesismod,pftvarcon,jmax_np1
photosynthesismod,pftvarcon,jmax_np2
photosynthesismod,pftvarcon,vcmax_np4
photosynthesismod,pftvarcon,noveg
photosynthesismod,pftvarcon,vcmax_np1
photosynthesismod,pftvarcon,jmax_np3
photosynthesismod,pftvarcon,vcmax_np3
photosynthesismod,sharedparamsmod,paramsshareinst
photosynthesismod,topounitdatatype,top_as
photosynthesismod,vegetationdatatype,veg_wf
photosynthesismod,vegetationdatatype,veg_es
photosynthesismod,vegetationdatatype,veg_ps
photosynthesismod,vegetationdatatype,veg_ns
photosynthesismod,vegetationdatatype,veg_ws
photosynthesismod,columndatatype,col_es
photosynthesismod,columndatatype,col_ws
photosynthesismod,columndatatype,col_wf
photosynthesismod,soilstatetype,soilstate_type
photosynthesismod,columntype,col_pp
photosynthesismod,simplemathmod,matvec_acc
quadraticmod,shr_kind_mod,shr_kind_r8
quadraticmod,elm_varctl,iulog
allocationmod,shr_kind_mod,shr_kind_r8
allocationmod,elm_varcon,zisoi
allocationmod,elm_varcon,secspday
allocationmod,elm_varcon,dzsoi_decomp
allocationmod,elm_varcon,nitrif_n2o_loss_frac
allocationmod,elm_varcon,spval
allocationmod,elm_varctl,use_elm_interface
allocationmod,elm_varctl,use_c13
allocationmod,elm_varctl,spinup_state
allocationmod,elm_varctl,use_elm_bgc
allocationmod,elm_varctl,use_fates
allocationmod,elm_varctl,pf_cmode
allocationmod,elm_varctl,nu_com
allocationmod,elm_varctl,carbon_only
allocationmod,elm_varctl,carbonphosphorus_only
allocationmod,elm_varctl,nyears_ad_carbon_only
allocationmod,elm_varctl,carbonnitrogen_only
allocationmod,elm_varctl,iulog
allocationmod,elm_varctl,use_c14
allocationmod,elm_varctl,nfix_ptase_plant
allocationmod,elm_varctl,use_pflotran
allocationmod,decompmod,bounds_type
allocationmod,subgridavemod,p2c
allocationmod,canopystatetype,canopystate_type
allocationmod,cnstatetype,cnstate_type
allocationmod,photosynthesistype,photosyns_type
allocationmod,croptype,crop_type
allocationmod,vegetationpropertiestype,veg_vp
allocationmod,landunittype,lun_pp
allocationmod,columntype,col_pp
allocationmod,columndatatype,col_nf
allocationmod,columndatatype,c14_col_cf
allocationmod,columndatatype,c13_col_cf
allocationmod,columndatatype,col_cf
allocationmod,columndatatype,col_pf
allocationmod,columndatatype,col_ps
allocationmod,columndatatype,col_ws
allocationmod,columndatatype,col_ns
allocationmod,vegetationtype,veg_pp
allocationmod,vegetationdatatype,veg_cs
allocationmod,vegetationdatatype,veg_nf
allocationmod,vegetationdatatype,c13_veg_cf
allocationmod,vegetationdatatype,veg_pf
allocationmod,vegetationdatatype,veg_cf
allocationmod,vegetationdatatype,c14_veg_cf
allocationmod,vegetationdatatype,veg_ps
allocationmod,vegetationdatatype,veg_ns
allocationmod,soilstatetype,soilstate_type
allocationmod,elm_varpar,ndecomp_cascade_transitions
allocationmod,elm_varpar,crop_prog
allocationmod,elm_varpar,nlevdecomp
allocationmod,pftvarcon,astemf
allocationmod,pftvarcon,percrop
allocationmod,pftvarcon,declfact
allocationmod,pftvarcon,laimax
allocationmod,pftvarcon,grpnow
allocationmod,pftvarcon,grperc
allocationmod,pftvarcon,iscft
allocationmod,pftvarcon,bfact
allocationmod,pftvarcon,npcropmin
allocationmod,pftvarcon,arooti
allocationmod,pftvarcon,allconsl
allocationmod,pftvarcon,allconss
allocationmod,pftvarcon,noveg
allocationmod,pftvarcon,arootf
allocationmod,pftvarcon,nsoybean
allocationmod,pftvarcon,aleaff
allocationmod,pftvarcon,fleafi
subgridavemod,shr_kind_mod,shr_kind_r8
subgridavemod,column_varcon,icol_road_perv
subgridavemod,column_varcon,icol_shadewall
subgridavemod,column_varcon,icol_roof
subgridavemod,column_varcon,icol_sunwall
subgridavemod,column_varcon,icol_road_imperv
subgridavemod,elm_varcon,grlnd
subgridavemod,elm_varcon,nameg
subgridavemod,elm_varcon,namep
subgridavemod,elm_varcon,namet
subgridavemod,elm_varcon,namec
subgridavemod,elm_varcon,spval
subgridavemod,elm_varcon,namel
subgridavemod,elm_varctl,iulog
subgridavemod,decompmod,bounds_type
subgridavemod,topounittype,top_pp
subgridavemod,landunittype,lun_pp
subgridavemod,columntype,column_physical_properties
subgridavemod,columntype,col_pp
subgridavemod,vegetationtype,veg_pp
subgridavemod,landunit_varcon,isturb_max
subgridavemod,landunit_varcon,isturb_min
subgridavemod,landunit_varcon,istice
subgridavemod,landunit_varcon,istsoil
subgridavemod,landunit_varcon,max_lunit
subgridavemod,landunit_varcon,istice_mec
subgridavemod,landunit_varcon,istcrop
subgridavemod,landunit_varcon,istdlak
column_varcon,landunit_varcon,isturb_min
column_varcon,landunit_varcon,istice_mec
column_varcon,landunit_varcon,istcrop
column_varcon,landunit_varcon,istsoil
column_varcon,elm_varpar,maxpatch_glcmec
croptype,shr_kind_mod,shr_kind_r8
croptype,decompmod,bounds_type
croptype,elm_varcon,spval
croptype,elm_varpar,crop_prog
croptype,elm_varctl,nsrbranch
croptype,elm_varctl,nsrstartup
croptype,elm_varctl,nsrest
croptype,elm_varctl,iulog
croptype,elm_varctl,use_crop
croptype,columndatatype,col_es
croptype,vegetationdatatype,veg_es
croptype,gridcelltype,grc_pp
croptype,landunittype,lun_pp
croptype,landunit_varcon,istcrop
croptype,vegetationtype,veg_pp
croptype,elm_varsur,fert_p_cft
croptype,elm_varsur,fert_cft
croptype,pftvarcon,mxtmp
croptype,pftvarcon,baset
croptype,pftvarcon,nwcereal
croptype,pftvarcon,iscft
croptype,pftvarcon,nwcerealirrig
croptype,shr_const_mod,shr_const_cday
croptype,shr_const_mod,shr_const_tkfrz
croptype,columntype,col_pp
landunittype,shr_kind_mod,shr_kind_r8
landunittype,elm_varcon,ispval
landunittype,elm_varcon,spval
sharedparamsmod,shr_kind_mod,shr_kind_r8
simplemathmod,shr_kind_mod,shr_kind_r8
soilmoiststressmod,columndatatype,col_es
soilmoiststressmod,columndatatype,col_ws
soilmoiststressmod,shr_kind_mod,shr_kind_r8
soilmoiststressmod,decompmod,bounds_type
soilmoiststressmod,columntype,col_pp
soilmoiststressmod,elm_varcon,tfrz
soilmoiststressmod,canopystatetype,canopystate_type
soilmoiststressmod,energyfluxtype,energyflux_type
soilmoiststressmod,soilstatetype,soilstate_type
soilmoiststressmod,simplemathmod,array_normalization
soilmoiststressmod,vegetationtype,veg_pp
soilmoiststressmod,vegetationpropertiestype,veg_vp
soilmoiststressmod,elm_varctl,use_hydrstress
surfaceresistancemod,shr_kind_mod,shr_kind_r8
surfaceresistancemod,shr_const_mod,shr_const_tkfrz
surfaceresistancemod,shr_const_mod,shr_const_pi
surfaceresistancemod,elm_varctl,use_vsfm
surfaceresistancemod,elm_varctl,iulog
surfaceresistancemod,soilstatetype,soilstate_type
surfaceresistancemod,columndatatype,col_ws
surfaceresistancemod,decompmod,bounds_type
surfaceresistancemod,columntype,col_pp
surfaceresistancemod,landunittype,lun_pp
surfaceresistancemod,elm_varcon,denh2o
surfaceresistancemod,elm_varcon,vkc
surfaceresistancemod,elm_varcon,denice
surfaceresistancemod,landunit_varcon,istice
surfaceresistancemod,landunit_varcon,istwet
surfaceresistancemod,landunit_varcon,istsoil
surfaceresistancemod,landunit_varcon,istice_mec
surfaceresistancemod,landunit_varcon,istcrop
surfaceresistancemod,column_varcon,icol_road_perv
surfaceresistancemod,column_varcon,icol_shadewall
surfaceresistancemod,column_varcon,icol_roof
surfaceresistancemod,column_varcon,icol_sunwall
surfaceresistancemod,column_varcon,icol_road_imperv
vegetationpropertiestype,shr_kind_mod,shr_kind_r8
vegetationpropertiestype,elm_varpar,nsoilorder
vegetationpropertiestype,elm_varpar,numpft
vegetationpropertiestype,elm_varpar,nlevdecomp
vegetationpropertiestype,elm_varpar,numrad
vegetationpropertiestype,elm_varctl,nu_com
vegetationpropertiestype,elm_varcon,ispval
vegetationpropertiestype,elm_varcon,spval
vegetationpropertiestype,pftvarcon,graincn
vegetationpropertiestype,pftvarcon,deadwdcp
vegetationpropertiestype,pftvarcon,froot_long
vegetationpropertiestype,pftvarcon,theta_cj
vegetationpropertiestype,pftvarcon,bbbopt
vegetationpropertiestype,pftvarcon,frootcp
vegetationpropertiestype,pftvarcon,frootcn_obs
vegetationpropertiestype,pftvarcon,taus
vegetationpropertiestype,pftvarcon,ccost_ptase
vegetationpropertiestype,pftvarcon,dsladlai
vegetationpropertiestype,pftvarcon,km_ptase
vegetationpropertiestype,pftvarcon,smpso
vegetationpropertiestype,pftvarcon,bendresist
vegetationpropertiestype,pftvarcon,nstor
vegetationpropertiestype,pftvarcon,graincp
vegetationpropertiestype,pftvarcon,graminoid
vegetationpropertiestype,pftvarcon,lf_flab
vegetationpropertiestype,pftvarcon,manunitro
vegetationpropertiestype,pftvarcon,stem_leaf
vegetationpropertiestype,pftvarcon,act25
vegetationpropertiestype,pftvarcon,evergreen
vegetationpropertiestype,pftvarcon,deadwdcn_obs
vegetationpropertiestype,pftvarcon,lf_flig
vegetationpropertiestype,pftvarcon,fnitr
vegetationpropertiestype,pftvarcon,fcur
vegetationpropertiestype,pftvarcon,decompmicc_patch_vr
vegetationpropertiestype,pftvarcon,deadwdcp_obs
vegetationpropertiestype,pftvarcon,vmax_plant_p
vegetationpropertiestype,pftvarcon,s_vc
vegetationpropertiestype,pftvarcon,vmax_plant_no3
vegetationpropertiestype,pftvarcon,vmax_plant_nh4
vegetationpropertiestype,pftvarcon,needleleaf
vegetationpropertiestype,pftvarcon,vcmaxha
vegetationpropertiestype,pftvarcon,tpuhd
vegetationpropertiestype,pftvarcon,kcha
vegetationpropertiestype,pftvarcon,lflitcn
vegetationpropertiestype,pftvarcon,lmrse
vegetationpropertiestype,pftvarcon,alpha_nfix
vegetationpropertiestype,pftvarcon,flivewd
vegetationpropertiestype,pftvarcon,stress_decid
vegetationpropertiestype,pftvarcon,rhol
vegetationpropertiestype,pftvarcon,slatop
vegetationpropertiestype,pftvarcon,nsc_rtime
vegetationpropertiestype,pftvarcon,woody
vegetationpropertiestype,pftvarcon,km_decomp_p
vegetationpropertiestype,pftvarcon,tc_stress
vegetationpropertiestype,pftvarcon,vcmaxhd
vegetationpropertiestype,pftvarcon,km_nfix
vegetationpropertiestype,pftvarcon,km_decomp_no3
vegetationpropertiestype,pftvarcon,km_den
vegetationpropertiestype,pftvarcon,frootcp_obs
vegetationpropertiestype,pftvarcon,jmaxhd
vegetationpropertiestype,pftvarcon,jmaxha
vegetationpropertiestype,pftvarcon,livewdcp_obs
vegetationpropertiestype,pftvarcon,cpha
vegetationpropertiestype,pftvarcon,dleaf
vegetationpropertiestype,pftvarcon,c3psn
vegetationpropertiestype,pftvarcon,koha
vegetationpropertiestype,pftvarcon,ffrootcn
vegetationpropertiestype,pftvarcon,croot_stem
vegetationpropertiestype,pftvarcon,convfact
vegetationpropertiestype,pftvarcon,br_xr
vegetationpropertiestype,pftvarcon,vmax_nfix
vegetationpropertiestype,pftvarcon,iscft
vegetationpropertiestype,pftvarcon,leafcp
vegetationpropertiestype,pftvarcon,z0mr
vegetationpropertiestype,pftvarcon,ccost_nfix
vegetationpropertiestype,pftvarcon,xl
vegetationpropertiestype,pftvarcon,flnr
vegetationpropertiestype,pftvarcon,fr_flig
vegetationpropertiestype,pftvarcon,leafcn
vegetationpropertiestype,pftvarcon,livewdcn
vegetationpropertiestype,pftvarcon,leaf_long
vegetationpropertiestype,pftvarcon,leafcn_obs
vegetationpropertiestype,pftvarcon,climatezone
vegetationpropertiestype,pftvarcon,vegshape
vegetationpropertiestype,pftvarcon,pinit_beta2
vegetationpropertiestype,pftvarcon,froot_leaf
vegetationpropertiestype,pftvarcon,livewdcn_obs
vegetationpropertiestype,pftvarcon,km_nit
vegetationpropertiestype,pftvarcon,pinit_beta1
vegetationpropertiestype,pftvarcon,lamda_ptase
vegetationpropertiestype,pftvarcon,fnr
vegetationpropertiestype,pftvarcon,km_plant_p
vegetationpropertiestype,pftvarcon,km_plant_nh4
vegetationpropertiestype,pftvarcon,lflitcp
vegetationpropertiestype,pftvarcon,fyield
vegetationpropertiestype,pftvarcon,qe
vegetationpropertiestype,pftvarcon,presharv
vegetationpropertiestype,pftvarcon,km_minsurf_p_vr
vegetationpropertiestype,pftvarcon,nfixer
vegetationpropertiestype,pftvarcon,rhos
vegetationpropertiestype,pftvarcon,leafcp_obs
vegetationpropertiestype,pftvarcon,lmrhd
vegetationpropertiestype,pftvarcon,stocking
vegetationpropertiestype,pftvarcon,taper
vegetationpropertiestype,pftvarcon,km_plant_no3
vegetationpropertiestype,pftvarcon,lmrha
vegetationpropertiestype,pftvarcon,fleafcn
vegetationpropertiestype,pftvarcon,livewdcp
vegetationpropertiestype,pftvarcon,km_decomp_nh4
vegetationpropertiestype,pftvarcon,displar
vegetationpropertiestype,pftvarcon,fstemcn
vegetationpropertiestype,pftvarcon,alpha_ptase
vegetationpropertiestype,pftvarcon,smpsc
vegetationpropertiestype,pftvarcon,mbbopt
vegetationpropertiestype,pftvarcon,fr_flab
vegetationpropertiestype,pftvarcon,vmax_minsurf_p_vr
vegetationpropertiestype,pftvarcon,deadwdcn
vegetationpropertiestype,pftvarcon,lf_fcel
vegetationpropertiestype,pftvarcon,taul
vegetationpropertiestype,pftvarcon,vmax_ptase
vegetationpropertiestype,pftvarcon,i_vc
vegetationpropertiestype,pftvarcon,frootcn
vegetationpropertiestype,pftvarcon,season_decid
vegetationpropertiestype,pftvarcon,nonvascular
vegetationpropertiestype,pftvarcon,dwood
vegetationpropertiestype,pftvarcon,tpuha
vegetationpropertiestype,pftvarcon,fr_fcel
atm2lndtype,shr_kind_mod,shr_kind_r8
atm2lndtype,elm_varpar,nlevgrnd
atm2lndtype,elm_varpar,ndst
atm2lndtype,elm_varpar,numrad
atm2lndtype,elm_varcon,rair
atm2lndtype,elm_varcon,tfrz
atm2lndtype,elm_varcon,grav
atm2lndtype,elm_varcon,cpair
atm2lndtype,elm_varcon,hfus
atm2lndtype,elm_varcon,spval
atm2lndtype,elm_varctl,use_c13
atm2lndtype,elm_varctl,use_lch4
atm2lndtype,elm_varctl,use_cn
atm2lndtype,elm_varctl,use_fates
atm2lndtype,elm_varctl,use_fan
atm2lndtype,elm_varctl,iulog
atm2lndtype,decompmod,bounds_type
atm2lndtype,vegetationtype,veg_pp
canopystatetype,shr_kind_mod,shr_kind_r8
canopystatetype,decompmod,bounds_type
canopystatetype,landunit_varcon,istcrop
canopystatetype,landunit_varcon,istsoil
canopystatetype,elm_varcon,ispval
canopystatetype,elm_varcon,spval
canopystatetype,elm_varpar,nlevgrnd
canopystatetype,elm_varpar,nlevcan
canopystatetype,elm_varpar,nvegwcs
canopystatetype,elm_varctl,use_cn
canopystatetype,elm_varctl,use_fates
canopystatetype,elm_varctl,iulog
canopystatetype,elm_varctl,use_fates_sp
canopystatetype,elm_varctl,use_hydrstress
canopystatetype,landunittype,lun_pp
canopystatetype,columntype,col_pp
canopystatetype,vegetationtype,veg_pp
cnstatetype,shr_kind_mod,shr_kind_r8
cnstatetype,decompmod,bounds_type
cnstatetype,elm_varpar,nlevgrnd
cnstatetype,elm_varpar,nlevsno
cnstatetype,elm_varpar,ndecomp_cascade_transitions
cnstatetype,elm_varpar,nlevlak
cnstatetype,elm_varpar,nlevsoifl
cnstatetype,elm_varpar,nlevdecomp_full
cnstatetype,elm_varpar,more_vertlayers
cnstatetype,elm_varpar,crop_prog
cnstatetype,elm_varpar,nlevsoi
cnstatetype,elm_varpar,nlevdecomp
cnstatetype,elm_varcon,c14ratio
cnstatetype,elm_varcon,grlnd
cnstatetype,elm_varcon,ispval
cnstatetype,elm_varcon,spval
cnstatetype,landunit_varcon,istcrop
cnstatetype,landunit_varcon,istsoil
cnstatetype,elm_varctl,use_vertsoilc
cnstatetype,elm_varctl,use_cn
cnstatetype,elm_varctl,use_fates
cnstatetype,elm_varctl,forest_fert_exp
cnstatetype,elm_varctl,nu_com
cnstatetype,elm_varctl,nsrstartup
cnstatetype,elm_varctl,nsrest
cnstatetype,elm_varctl,fsurdat
cnstatetype,elm_varctl,iulog
cnstatetype,elm_varctl,use_c14
cnstatetype,elm_varctl,use_crop
cnstatetype,landunittype,lun_pp
cnstatetype,columntype,col_pp
cnstatetype,vegetationtype,veg_pp
cnstatetype,topounit_varcon,max_topounits
cnstatetype,gridcelltype,grc_pp
topounit_varcon,elm_varctl,fsurdat
topounit_varcon,elm_varctl,iulog
topounit_varcon,shr_kind_mod,shr_kind_r8
topounit_varcon,elm_varcon,grlnd
topounit_varcon,domainmod,domain_type
energyfluxtype,shr_kind_mod,shr_kind_r8
energyfluxtype,elm_varcon,denh2o
energyfluxtype,elm_varcon,spval
energyfluxtype,elm_varcon,sb
energyfluxtype,elm_varcon,denice
energyfluxtype,decompmod,bounds_type
energyfluxtype,landunittype,lun_pp
energyfluxtype,columntype,col_pp
energyfluxtype,vegetationtype,veg_pp
energyfluxtype,annualfluxdribbler,annual_flux_dribbler_gridcell
energyfluxtype,annualfluxdribbler,annual_flux_dribbler_type
energyfluxtype,elm_varpar,nlevgrnd
energyfluxtype,elm_varpar,nlevsno
energyfluxtype,elm_varpar,nlevlak
energyfluxtype,elm_varpar,crop_prog
energyfluxtype,elm_varpar,nlevurb
energyfluxtype,elm_varpar,nlevsoi
energyfluxtype,elm_varctl,use_cn
energyfluxtype,elm_varctl,use_vancouver
energyfluxtype,elm_varctl,use_mexicocity
energyfluxtype,elm_varctl,iulog
energyfluxtype,shr_const_mod,shr_const_tkfrz
energyfluxtype,landunit_varcon,istice
energyfluxtype,landunit_varcon,istwet
energyfluxtype,landunit_varcon,istsoil
energyfluxtype,landunit_varcon,istice_mec
energyfluxtype,landunit_varcon,istdlak
energyfluxtype,column_varcon,icol_road_perv
energyfluxtype,column_varcon,icol_shadewall
energyfluxtype,column_varcon,icol_roof
energyfluxtype,column_varcon,icol_sunwall
energyfluxtype,column_varcon,icol_road_imperv
annualfluxdribbler,elm_varctl,iulog
annualfluxdribbler,shr_kind_mod,shr_kind_r8
annualfluxdribbler,decompmod,bounds_type
annualfluxdribbler,decompmod,bounds_subgrid_gridcell
annualfluxdribbler,decompmod,bounds_subgrid_patch
annualfluxdribbler,decompmod,get_beg
annualfluxdribbler,decompmod,get_end
annualfluxdribbler,elm_varcon,secspday
annualfluxdribbler,elm_varcon,nameg
annualfluxdribbler,elm_varcon,namep
frictionvelocitytype,shr_kind_mod,shr_kind_r8
frictionvelocitytype,elm_varctl,use_cn
frictionvelocitytype,elm_varctl,use_fates
frictionvelocitytype,elm_varpar,nlevgrnd
frictionvelocitytype,elm_varpar,nlevcan
frictionvelocitytype,elm_varpar,nlevsoi
frictionvelocitytype,elm_varpar,nlevsno
frictionvelocitytype,elm_varcon,spval
frictionvelocitytype,decompmod,bounds_type
frictionvelocitytype,landunittype,lun_pp
frictionvelocitytype,columntype,col_pp
soilstatetype,shr_kind_mod,shr_kind_r8
soilstatetype,decompmod,bounds_type
soilstatetype,elm_varpar,nlayert
soilstatetype,elm_varpar,nlevgrnd
soilstatetype,elm_varpar,nlevsno
soilstatetype,elm_varpar,numrad
soilstatetype,elm_varpar,nlevlak
soilstatetype,elm_varpar,nlevsoifl
soilstatetype,elm_varpar,more_vertlayers
soilstatetype,elm_varpar,nlayer
soilstatetype,elm_varpar,nlevurb
soilstatetype,elm_varpar,nlevsoi
soilstatetype,elm_varpar,numpft
soilstatetype,landunit_varcon,istice
soilstatetype,landunit_varcon,istwet
soilstatetype,landunit_varcon,istsoil
soilstatetype,landunit_varcon,max_lunit
soilstatetype,landunit_varcon,istice_mec
soilstatetype,landunit_varcon,istcrop
soilstatetype,landunit_varcon,istdlak
soilstatetype,column_varcon,icol_road_perv
soilstatetype,column_varcon,icol_shadewall
soilstatetype,column_varcon,icol_roof
soilstatetype,column_varcon,icol_sunwall
soilstatetype,column_varcon,icol_road_imperv
soilstatetype,elm_varcon,zisoi
soilstatetype,elm_varcon,secspday
soilstatetype,elm_varcon,grlnd
soilstatetype,elm_varcon,dzsoi
soilstatetype,elm_varcon,zsoi
soilstatetype,elm_varcon,namet
soilstatetype,elm_varcon,denh2o
soilstatetype,elm_varcon,denice
soilstatetype,elm_varcon,mu
soilstatetype,elm_varcon,spval
soilstatetype,elm_varctl,use_lch4
soilstatetype,elm_varctl,use_dynroot
soilstatetype,elm_varctl,use_erosion
soilstatetype,elm_varctl,use_cn
soilstatetype,elm_varctl,use_fates
soilstatetype,elm_varctl,fsurdat
soilstatetype,elm_varctl,iulog
soilstatetype,elm_varctl,use_var_soil_thick
soilstatetype,elm_varctl,hist_wrtch4diag
soilstatetype,elm_varctl,use_hydrstress
soilstatetype,ch4varcon,allowlakeprod
soilstatetype,landunittype,lun_pp
soilstatetype,columntype,col_pp
soilstatetype,vegetationtype,veg_pp
soilstatetype,topounit_varcon,max_topounits
soilstatetype,gridcelltype,grc_pp
soilstatetype,pftvarcon,noveg
soilstatetype,pftvarcon,roota_par
soilstatetype,pftvarcon,rootb_par
soilstatetype,sharedparamsmod,paramsshareinst
soilstatetype,funcpedotransfermod,pedotransf
soilstatetype,funcpedotransfermod,get_ipedof
soilstatetype,rootbiophysmod,init_vegrootfr
soilstatetype,domainlateralmod,exchangecolumnlevelghostdata
ch4varcon,shr_kind_mod,shr_kind_r8
ch4varcon,elm_varctl,nlfilename_in
ch4varcon,elm_varctl,iulog
funcpedotransfermod,shr_kind_mod,shr_kind_r8
rootbiophysmod,shr_kind_mod,shr_kind_r8
rootbiophysmod,decompmod,bounds_type
rootbiophysmod,pftvarcon,noveg
rootbiophysmod,pftvarcon,roota_par
rootbiophysmod,pftvarcon,rootb_par
rootbiophysmod,elm_varctl,use_var_soil_thick
rootbiophysmod,vegetationtype,veg_pp
rootbiophysmod,columntype,col_pp
domainlateralmod,shr_kind_mod,shr_kind_r8
domainlateralmod,elm_varctl,iulog
domainlateralmod,decompmod,bounds_type
domainlateralmod,decompmod,bounds_level_proc
domainlateralmod,decompmod,ldecomp
domainlateralmod,decompmod,get_proc_bounds
domainlateralmod,landunit_varcon,max_lunit
domainlateralmod,landunittype,lun_pp
domainlateralmod,columntype,col_pp
solarabsorbedtype,shr_kind_mod,shr_kind_r8
solarabsorbedtype,decompmod,bounds_type
solarabsorbedtype,elm_varpar,nlevcan
solarabsorbedtype,elm_varpar,nlevsno
solarabsorbedtype,elm_varpar,numrad
solarabsorbedtype,elm_varctl,use_snicar_frc
solarabsorbedtype,elm_varctl,iulog
solarabsorbedtype,landunit_varcon,istcrop
solarabsorbedtype,landunit_varcon,istsoil
surfacealbedotype,shr_kind_mod,shr_kind_r8
surfacealbedotype,decompmod,bounds_type
surfacealbedotype,elm_varpar,nlevcan
surfacealbedotype,elm_varpar,nlevsno
surfacealbedotype,elm_varpar,numrad
surfacealbedotype,elm_varctl,fsurdat
surfacealbedotype,elm_varctl,use_snicar_frc
surfacealbedotype,elm_varctl,iulog
surfacealbedotype,elm_varcon,grlnd
surfacealbedotype,elm_varcon,ispval
surfacealbedotype,elm_varcon,spval
surfacealbedotype,columntype,col_pp
surfacealbedotype,topounit_varcon,max_topounits
surfacealbedotype,gridcelltype,grc_pp
ch4mod,shr_kind_mod,shr_kind_r8
ch4mod,elm_varpar,ngases
ch4mod,elm_varpar,nlevgrnd
ch4mod,elm_varpar,nlevsno
ch4mod,elm_varpar,nlevdecomp_full
ch4mod,elm_varpar,nlevsoi
ch4mod,elm_varpar,nlevdecomp
ch4mod,elm_varcon,secspday
ch4mod,elm_varcon,grlnd
ch4mod,elm_varcon,kh_tbase
ch4mod,elm_varcon,c_h_inv
ch4mod,elm_varcon,tfrz
ch4mod,elm_varcon,rpi
ch4mod,elm_varcon,denh2o
ch4mod,elm_varcon,s_con
ch4mod,elm_varcon,d_con_g
ch4mod,elm_varcon,grav
ch4mod,elm_varcon,denice
ch4mod,elm_varcon,catomw
ch4mod,elm_varcon,rgas
ch4mod,elm_varcon,spval
ch4mod,elm_varcon,kh_theta
ch4mod,elm_varcon,d_con_w
ch4mod,landunit_varcon,istcrop
ch4mod,landunit_varcon,istsoil
ch4mod,landunit_varcon,istdlak
ch4mod,elm_varctl,use_lch4
ch4mod,elm_varctl,use_cn
ch4mod,elm_varctl,anoxia
ch4mod,elm_varctl,use_fates
ch4mod,elm_varctl,fsurdat
ch4mod,elm_varctl,iulog
ch4mod,elm_varctl,hist_wrtch4diag
ch4mod,decompmod,bounds_type
ch4mod,sharedparamsmod,nlev_soildecomp_standard
ch4mod,sharedparamsmod,paramsshareinst
ch4mod,atm2lndtype,atm2lnd_type
ch4mod,canopystatetype,canopystate_type
ch4mod,energyfluxtype,energyflux_type
ch4mod,lakestatetype,lakestate_type
ch4mod,lnd2atmtype,lnd2atm_type
ch4mod,soilhydrologytype,soilhydrology_type
ch4mod,soilstatetype,soilstate_type
ch4mod,gridcelltype,grc_pp
ch4mod,topounitdatatype,top_as
ch4mod,landunittype,lun_pp
ch4mod,columntype,col_pp
ch4mod,columndatatype,col_nf
ch4mod,columndatatype,col_es
ch4mod,columndatatype,col_cf
ch4mod,columndatatype,col_ws
ch4mod,columndatatype,col_wf
ch4mod,vegetationtype,veg_pp
ch4mod,vegetationdatatype,veg_wf
ch4mod,vegetationdatatype,veg_cf
ch4mod,vegetationdatatype,veg_cs
ch4mod,timeinfomod,all
ch4mod,topounit_varcon,max_topounits
ch4mod,ch4varcon,usephfact
ch4mod,ch4varcon,ch4offline
ch4mod,ch4varcon,anoxicmicrosites
ch4mod,ch4varcon,ch4frzout
ch4mod,ch4varcon,allowlakeprod
ch4mod,ch4varcon,fin_use_fsat
ch4mod,ch4varcon,replenishlakec
ch4mod,ch4varcon,ch4rmcnlim
ch4mod,ch4varcon,transpirationloss
ch4mod,ch4varcon,use_aereoxid_prog
ch4mod,ch4varcon,usefrootc
ch4mod,subgridavemod,c2g
ch4mod,subgridavemod,p2c
ch4mod,pftvarcon,noveg
ch4mod,pftvarcon,graminoid
ch4mod,pftvarcon,crop
ch4mod,lakecon,all
ch4mod,tridiagonalmod,tridiagonal
lakestatetype,shr_kind_mod,shr_kind_r8
lakestatetype,elm_varcon,grlnd
lakestatetype,elm_varcon,spval
lakestatetype,elm_varcon,tkwat
lakestatetype,decompmod,bounds_type
lakestatetype,landunittype,lun_pp
lakestatetype,columntype,col_pp
lakestatetype,elm_varpar,nlevsno
lakestatetype,elm_varpar,nlevlak
lakestatetype,elm_varctl,fsurdat
lakestatetype,elm_varctl,iulog
lnd2atmtype,shr_kind_mod,shr_kind_r8
lnd2atmtype,elm_varpar,nlevgrnd
lnd2atmtype,elm_varpar,nlevsno
lnd2atmtype,elm_varpar,ndst
lnd2atmtype,elm_varpar,numrad
lnd2atmtype,elm_varcon,rair
lnd2atmtype,elm_varcon,tfrz
lnd2atmtype,elm_varcon,grav
lnd2atmtype,elm_varcon,cpair
lnd2atmtype,elm_varcon,hfus
lnd2atmtype,elm_varcon,spval
lnd2atmtype,elm_varctl,use_c13
lnd2atmtype,elm_varctl,use_lch4
lnd2atmtype,elm_varctl,use_cn
lnd2atmtype,elm_varctl,use_fan
lnd2atmtype,elm_varctl,iulog
lnd2atmtype,decompmod,bounds_type
soilhydrologytype,shr_kind_mod,shr_kind_r8
soilhydrologytype,decompmod,bounds_type
soilhydrologytype,elm_varpar,nlayert
soilhydrologytype,elm_varpar,nlevgrnd
soilhydrologytype,elm_varpar,nlevsno
soilhydrologytype,elm_varpar,nlevlak
soilhydrologytype,elm_varpar,nlevsoifl
soilhydrologytype,elm_varpar,more_vertlayers
soilhydrologytype,elm_varpar,crop_prog
soilhydrologytype,elm_varpar,nlayer
soilhydrologytype,elm_varpar,toplev_equalspace
soilhydrologytype,elm_varpar,nlevurb
soilhydrologytype,elm_varpar,nlevsoi
soilhydrologytype,elm_varcon,zisoi
soilhydrologytype,elm_varcon,dzsoi
soilhydrologytype,elm_varcon,grlnd
soilhydrologytype,elm_varcon,h2osno_max
soilhydrologytype,elm_varcon,tfrz
soilhydrologytype,elm_varcon,zsoi
soilhydrologytype,elm_varcon,nlvic
soilhydrologytype,elm_varcon,denh2o
soilhydrologytype,elm_varcon,denice
soilhydrologytype,elm_varcon,bdsno
soilhydrologytype,elm_varcon,zlnd
soilhydrologytype,elm_varcon,spval
soilhydrologytype,elm_varcon,dzvic
soilhydrologytype,elm_varcon,sb
soilhydrologytype,elm_varctl,use_lch4
soilhydrologytype,elm_varctl,use_vichydro
soilhydrologytype,elm_varctl,use_cn
soilhydrologytype,elm_varctl,create_glacier_mec_landunit
soilhydrologytype,elm_varctl,fsurdat
soilhydrologytype,elm_varctl,iulog
soilhydrologytype,elm_varctl,use_var_soil_thick
soilhydrologytype,elm_varctl,use_lnd_rof_two_way
soilhydrologytype,sharedparamsmod,paramsshareinst
soilhydrologytype,landunittype,lun_pp
soilhydrologytype,columntype,col_pp
soilhydrologytype,gridcelltype,grc_pp
soilhydrologytype,topounit_varcon,max_topounits
soilhydrologytype,shr_const_mod,shr_const_tkfrz
soilhydrologytype,shr_const_mod,shr_const_pi
soilhydrologytype,shr_spfn_mod,shr_spfn_erf
soilhydrologytype,landunit_varcon,istice
soilhydrologytype,landunit_varcon,istwet
soilhydrologytype,landunit_varcon,istsoil
soilhydrologytype,landunit_varcon,istice_mec
soilhydrologytype,landunit_varcon,istcrop
soilhydrologytype,landunit_varcon,istdlak
soilhydrologytype,column_varcon,icol_road_perv
soilhydrologytype,column_varcon,icol_shadewall
soilhydrologytype,column_varcon,icol_roof
soilhydrologytype,column_varcon,icol_sunwall
soilhydrologytype,column_varcon,icol_road_imperv
shr_spfn_mod,shr_kind_mod,shr_kind_r4
shr_spfn_mod,shr_kind_mod,shr_kind_r8
shr_spfn_mod,shr_const_mod,shr_const_pi
lakecon,shr_kind_mod,shr_kind_r8
lakecon,decompmod,bounds_type
lakecon,elm_varctl,iulog
tridiagonalmod,shr_kind_mod,shr_kind_r8
tridiagonalmod,elm_varctl,iulog
tridiagonalmod,decompmod,bounds_type
photosynthesistype,shr_kind_mod,shr_kind_r8
photosynthesistype,decompmod,bounds_type
photosynthesistype,elm_varpar,nlevcan
photosynthesistype,elm_varctl,use_c13
photosynthesistype,elm_varctl,use_cn
photosynthesistype,elm_varctl,use_c14
photosynthesistype,elm_varcon,spval
photosynthesistype,landunittype,lun_pp
photosynthesistype,vegetationtype,veg_pp
photosynthesistype,landunit_varcon,istice
photosynthesistype,landunit_varcon,istwet
photosynthesistype,landunit_varcon,istsoil
photosynthesistype,landunit_varcon,istice_mec
photosynthesistype,landunit_varcon,istcrop
gridcelltype,shr_kind_mod,shr_kind_r8
gridcelltype,landunit_varcon,max_lunit
gridcelltype,elm_varcon,ispval
gridcelltype,elm_varcon,spval
gridcelltype,topounit_varcon,max_topounits
topounitdatatype,shr_kind_mod,shr_kind_r8
topounitdatatype,elm_varcon,ispval
topounitdatatype,elm_varcon,spval
topounitdatatype,elm_varctl,use_fates
topounitdatatype,elm_varctl,use_cn
topounitdatatype,elm_varctl,use_lch4
topounitdatatype,elm_varctl,iulog
topounitdatatype,elm_varpar,numrad
topounitdatatype,decompmod,bounds_type
topounitdatatype,topounittype,top_pp
columntype,shr_kind_mod,shr_kind_r8
columntype,elm_varpar,nlevgrnd
columntype,elm_varpar,nlevlak
columntype,elm_varpar,nlevsno
columntype,elm_varpar,nlevslp
columntype,elm_varcon,ispval
columntype,elm_varcon,spval
columndatatype,shr_kind_mod,shr_kind_r8
columndatatype,shr_const_mod,shr_const_tkfrz
columndatatype,shr_const_mod,shr_const_pdb
columndatatype,elm_varpar,nlevgrnd
columndatatype,elm_varpar,nlevsno
columndatatype,elm_varpar,nlevdecomp
columndatatype,elm_varpar,nlevcan
columndatatype,elm_varpar,i_met_lit
columndatatype,elm_varpar,ndecomp_cascade_transitions
columndatatype,elm_varpar,nlevlak
columndatatype,elm_varpar,i_cel_lit
columndatatype,elm_varpar,nlevdecomp_full
columndatatype,elm_varpar,ndecomp_pools
columndatatype,elm_varpar,crop_prog
columndatatype,elm_varpar,nlevurb
columndatatype,elm_varpar,i_lig_lit
columndatatype,elm_varpar,nlevsoi
columndatatype,elm_varpar,i_cwd
columndatatype,elm_varcon,zisoi
columndatatype,elm_varcon,secspday
columndatatype,elm_varcon,snw_rds_min
columndatatype,elm_varcon,c14ratio
columndatatype,elm_varcon,dzsoi_decomp
columndatatype,elm_varcon,pondmx
columndatatype,elm_varcon,watmin
columndatatype,elm_varcon,c13ratio
columndatatype,elm_varcon,bdfirn
columndatatype,elm_varcon,denh2o
columndatatype,elm_varcon,zsoi
columndatatype,elm_varcon,tfrz
columndatatype,elm_varcon,denice
columndatatype,elm_varcon,bdsno
columndatatype,elm_varcon,zlnd
columndatatype,elm_varcon,spval
columndatatype,elm_varcon,ispval
columndatatype,elm_varctl,spinup_state
columndatatype,elm_varctl,use_fates
columndatatype,elm_varctl,use_fan
columndatatype,elm_varctl,pf_cmode
columndatatype,elm_varctl,use_pflotran
columndatatype,elm_varctl,use_hydrstress
columndatatype,elm_varctl,use_vertsoilc
columndatatype,elm_varctl,use_extrasnowlayers
columndatatype,elm_varctl,ero_ccycle
columndatatype,elm_varctl,use_cn
columndatatype,elm_varctl,create_glacier_mec_landunit
columndatatype,elm_varctl,use_mexicocity
columndatatype,elm_varctl,do_budgets
columndatatype,elm_varctl,use_century_decomp
columndatatype,elm_varctl,use_vancouver
columndatatype,elm_varctl,override_bgc_restart_mismatch_dump
columndatatype,elm_varctl,use_elm_interface
columndatatype,elm_varctl,iulog
columndatatype,elm_varctl,hist_wrtch4diag
columndatatype,elm_varctl,use_fates_planthydro
columndatatype,elm_varctl,get_carbontag
columndatatype,elm_varctl,pf_hmode
columndatatype,elm_varctl,bound_h2osoi
columndatatype,elm_varctl,nu_com
columndatatype,elm_varctl,use_lake_wat_storage
columndatatype,elm_varctl,use_crop
columndatatype,ch4varcon,allowlakeprod
columndatatype,pftvarcon,pinit_beta2
columndatatype,pftvarcon,pinit_beta1
columndatatype,pftvarcon,vmax_minsurf_p_vr
columndatatype,pftvarcon,km_minsurf_p_vr
columndatatype,soilorder_varcon,smax
columndatatype,soilorder_varcon,ks_sorption
columndatatype,landunit_varcon,istice
columndatatype,landunit_varcon,istwet
columndatatype,landunit_varcon,istsoil
columndatatype,landunit_varcon,istice_mec
columndatatype,landunit_varcon,istcrop
columndatatype,landunit_varcon,istdlak
columndatatype,column_varcon,icol_road_perv
columndatatype,column_varcon,icol_shadewall
columndatatype,column_varcon,icol_roof
columndatatype,column_varcon,icol_sunwall
columndatatype,column_varcon,icol_road_imperv
columndatatype,decompmod,bounds_type
columndatatype,cnstatetype,cnstate_type
columndatatype,cndecompcascadecontype,decomp_cascade_con
columndatatype,columntype,col_pp
columndatatype,landunittype,lun_pp
columndatatype,timeinfomod,nstep_mod
columndatatype,urbanparamstype,urbanparams_vars
soilorder_varcon,shr_kind_mod,shr_kind_r8
soilorder_varcon,elm_varpar,nsoilorder
soilorder_varcon,elm_varctl,fsoilordercon
soilorder_varcon,elm_varctl,use_vertsoilc
soilorder_varcon,elm_varctl,iulog
cndecompcascadecontype,shr_kind_mod,shr_kind_r8
cndecompcascadecontype,decompmod,bounds_type
cndecompcascadecontype,elm_varpar,ndecomp_pools
cndecompcascadecontype,elm_varpar,ndecomp_cascade_transitions
urbanparamstype,shr_kind_mod,shr_kind_r8
urbanparamstype,decompmod,bounds_type
urbanparamstype,elm_varctl,use_mexicocity
urbanparamstype,elm_varctl,use_vancouver
urbanparamstype,elm_varctl,fsurdat
urbanparamstype,elm_varctl,iulog
urbanparamstype,elm_varcon,spval
urbanparamstype,elm_varcon,grlnd
urbanparamstype,elm_varcon,vkc
urbanparamstype,elm_varcon,namel
urbanparamstype,landunittype,lun_pp
urbanparamstype,gridcelltype,grc_pp
urbanparamstype,topounit_varcon,has_topounit
urbanparamstype,topounit_varcon,max_topounits
urbanparamstype,elm_varpar,nlevgrnd
urbanparamstype,elm_varpar,nlevcan
urbanparamstype,elm_varpar,numrad
urbanparamstype,elm_varpar,nlevurb
urbanparamstype,elm_varpar,nlevsoi
urbanparamstype,column_varcon,icol_road_perv
urbanparamstype,column_varcon,icol_shadewall
urbanparamstype,column_varcon,icol_roof
urbanparamstype,column_varcon,icol_sunwall
urbanparamstype,column_varcon,icol_road_imperv
urbanparamstype,landunit_varcon,isturb_min
urbanparamstype,landunit_varcon,numurbl
urbanparamstype,domainmod,ldomain
urbanparamstype,elm_varsur,urban_valid
vegetationtype,shr_kind_mod,shr_kind_r8
vegetationtype,elm_varcon,ispval
vegetationtype,elm_varcon,spval
vegetationtype,elm_varctl,use_fates
vegetationdatatype,shr_kind_mod,shr_kind_r8
vegetationdatatype,shr_const_mod,shr_const_cday
vegetationdatatype,shr_const_mod,shr_const_tkfrz
vegetationdatatype,shr_const_mod,shr_const_pdb
vegetationdatatype,elm_varpar,nlevgrnd
vegetationdatatype,elm_varpar,nlevsno
vegetationdatatype,elm_varpar,nlevcan
vegetationdatatype,elm_varpar,nlevlak
vegetationdatatype,elm_varpar,nlevdecomp_full
vegetationdatatype,elm_varpar,crop_prog
vegetationdatatype,elm_varpar,nlevurb
vegetationdatatype,elm_varpar,nlevdecomp
vegetationdatatype,elm_varcon,c14ratio
vegetationdatatype,elm_varcon,c13ratio
vegetationdatatype,elm_varcon,spval
vegetationdatatype,elm_varcon,ispval
vegetationdatatype,elm_varcon,sb
vegetationdatatype,landunit_varcon,istcrop
vegetationdatatype,landunit_varcon,istsoil
vegetationdatatype,pftvarcon,noveg
vegetationdatatype,pftvarcon,iscft
vegetationdatatype,pftvarcon,nstor
vegetationdatatype,elm_varctl,use_c13
vegetationdatatype,elm_varctl,use_lch4
vegetationdatatype,elm_varctl,spinup_state
vegetationdatatype,elm_varctl,use_betr
vegetationdatatype,elm_varctl,use_cn
vegetationdatatype,elm_varctl,use_fates
vegetationdatatype,elm_varctl,nu_com
vegetationdatatype,elm_varctl,use_mexicocity
vegetationdatatype,elm_varctl,use_crop
vegetationdatatype,elm_varctl,nsrstartup
vegetationdatatype,elm_varctl,nsrest
vegetationdatatype,elm_varctl,iulog
vegetationdatatype,elm_varctl,use_vancouver
vegetationdatatype,elm_varctl,spinup_mortality_factor
vegetationdatatype,decompmod,bounds_type
vegetationdatatype,decompmod,get_proc_global
vegetationdatatype,subgridavemod,p2c
vegetationdatatype,subgridavemod,p2c_1d_filter
vegetationdatatype,cnstatetype,cnstate_type
vegetationdatatype,speciesmod,species_from_string
vegetationdatatype,vegetationtype,veg_pp
vegetationdatatype,vegetationpropertiestype,veg_vp
vegetationdatatype,landunittype,lun_pp
vegetationdatatype,gridcelltype,grc_pp
vegetationdatatype,columndatatype,column_nitrogen_state
vegetationdatatype,columndatatype,col_es
vegetationdatatype,columndatatype,column_carbon_state
vegetationdatatype,columndatatype,column_phosphorus_state
vegetationdatatype,columndatatype,column_nitrogen_flux
vegetationdatatype,columndatatype,column_phosphorus_flux
vegetationdatatype,columndatatype,column_carbon_flux
vegetationdatatype,timeinfomod,nstep_mod
vegetationdatatype,dynsubgridcontrolmod,get_do_harvest
dynsubgridcontrolmod,elm_varctl,use_cn
dynsubgridcontrolmod,elm_varctl,use_fates
dynsubgridcontrolmod,elm_varctl,fname_len
dynsubgridcontrolmod,elm_varctl,iulog
dynsubgridcontrolmod,elm_varctl,use_crop
timeinfomod,shr_kind_mod,shr_kind_r8
shr_const_mod,shr_kind_mod,shr_kind_r8
shr_flux_mod,shr_kind_mod,shr_kind_r8
shr_flux_mod,shr_kind_mod,shr_kind_in
shr_flux_mod,shr_const_mod,all
shr_flux_mod,water_isotopes,wiso_flxoce
water_isotopes,shr_kind_mod,shr_kind_r8
water_isotopes,shr_const_mod,shr_const_tktrip
water_isotopes,shr_const_mod,shr_const_karman
water_isotopes,shr_const_mod,shr_const_g
elm_varsur,shr_kind_mod,shr_kind_r8
topounittype,shr_kind_mod,shr_kind_r8
topounittype,landunit_varcon,max_lunit
topounittype,elm_varcon,ispval
topounittype,elm_varcon,spval
topounittype,elm_varpar,numrad
topounittype,decompmod,bounds_type
qsatmod,shr_kind_mod,shr_kind_r8
qsatmod,shr_const_mod,shr_const_tkfrz
qsatmod,elm_varcon,rwat
frictionvelocitymod,shr_kind_mod,shr_kind_r8
frictionvelocitymod,frictionvelocitytype,frictionvel_type
frictionvelocitymod,landunittype,lun_pp
frictionvelocitymod,vegetationtype,veg_pp
frictionvelocitymod,elm_varcon,vkc
frictionvelocitymod,elm_varcon,grav
frictionvelocitymod,shr_const_mod,shr_const_pi
soilwaterretentioncurvemod,shr_kind_mod,shr_kind_r8
subgridmod,shr_kind_mod,shr_kind_r8
subgridmod,elm_varctl,create_crop_landunit
subgridmod,elm_varctl,iulog
subgridmod,elm_varpar,natpft_size
subgridmod,elm_varpar,maxpatch_urb
subgridmod,elm_varpar,cft_size
subgridmod,elm_varpar,maxpatch_glcmec
subgridmod,elm_varsur,wt_lunit
subgridmod,elm_varsur,wt_glc_mec
subgridmod,elm_varsur,urban_valid
subgridmod,landunit_varcon,isturb_tbd
subgridmod,landunit_varcon,istice
subgridmod,landunit_varcon,isturb_hd
subgridmod,landunit_varcon,istwet
subgridmod,landunit_varcon,istsoil
subgridmod,landunit_varcon,istice_mec
subgridmod,landunit_varcon,istcrop
subgridmod,landunit_varcon,isturb_md
subgridmod,landunit_varcon,istdlak
subgridmod,topounit_varcon,has_topounit
subgridmod,topounit_varcon,max_topounits
filtermod,shr_kind_mod,shr_kind_r8
filtermod,elm_varctl,iulog
filtermod,decompmod,bounds_type
filtermod,decompmod,bounds_level_clump
filtermod,decompmod,get_clump_bounds
filtermod,decompmod,get_proc_clumps
filtermod,gridcelltype,grc_pp
filtermod,landunittype,lun_pp
filtermod,columntype,col_pp
filtermod,vegetationtype,veg_pp
filtermod,topounittype,top_pp
filtermod,pftvarcon,iscft
filtermod,pftvarcon,percrop
filtermod,pftvarcon,crop
filtermod,landunit_varcon,istice_mec
filtermod,landunit_varcon,istcrop
filtermod,landunit_varcon,istsoil
filtermod,column_varcon,icol_road_perv
lakefluxesmod,shr_kind_mod,shr_kind_r8
lakefluxesmod,decompmod,bounds_type
lakefluxesmod,atm2lndtype,atm2lnd_type
lakefluxesmod,energyfluxtype,energyflux_type
lakefluxesmod,frictionvelocitytype,frictionvel_type
lakefluxesmod,lakestatetype,lakestate_type
lakefluxesmod,solarabsorbedtype,solarabs_type
lakefluxesmod,gridcelltype,grc_pp
lakefluxesmod,topounitdatatype,top_as
lakefluxesmod,topounitdatatype,top_af
lakefluxesmod,columntype,col_pp
lakefluxesmod,columndatatype,col_es
lakefluxesmod,columndatatype,col_ws
lakefluxesmod,vegetationtype,veg_pp
lakefluxesmod,vegetationdatatype,veg_wf
lakefluxesmod,vegetationdatatype,veg_es
lakefluxesmod,vegetationdatatype,veg_ws
lakefluxesmod,vegetationdatatype,veg_ef
lakefluxesmod,shr_flux_mod,shr_flux_update_stress
lakefluxesmod,elm_varpar,nlevlak
lakefluxesmod,elm_varcon,hsub
lakefluxesmod,elm_varcon,tfrz
lakefluxesmod,elm_varcon,tkice
lakefluxesmod,elm_varcon,cpliq
lakefluxesmod,elm_varcon,denh2o
lakefluxesmod,elm_varcon,vkc
lakefluxesmod,elm_varcon,tkwat
lakefluxesmod,elm_varcon,grav
lakefluxesmod,elm_varcon,cpair
lakefluxesmod,elm_varcon,hfus
lakefluxesmod,elm_varcon,spval
lakefluxesmod,elm_varcon,zsno
lakefluxesmod,elm_varcon,tkair
lakefluxesmod,elm_varcon,hvap
lakefluxesmod,elm_varcon,sb
lakefluxesmod,elm_varctl,use_lch4
lakefluxesmod,elm_varctl,use_firn_percolation_and_compaction
lakefluxesmod,elm_varctl,iulog
lakefluxesmod,lakecon,cus
lakefluxesmod,lakecon,fcrit
lakefluxesmod,lakecon,cur0
lakefluxesmod,lakecon,emg_lake
lakefluxesmod,lakecon,curm
lakefluxesmod,lakecon,tdmax
lakefluxesmod,lakecon,z0frzlake
lakefluxesmod,lakecon,lake_use_old_fcrit_minz0
lakefluxesmod,lakecon,betavis
lakefluxesmod,lakecon,minz0lake
lakefluxesmod,qsatmod,qsat
lakefluxesmod,frictionvelocitymod,implicit_stress
lakefluxesmod,frictionvelocitymod,frictionvelocity
lakefluxesmod,frictionvelocitymod,force_land_gustiness
lakefluxesmod,frictionvelocitymod,atm_gustiness
lakefluxesmod,frictionvelocitymod,moninobukini
baregroundfluxesmod,shr_kind_mod,shr_kind_r8
baregroundfluxesmod,decompmod,bounds_type
baregroundfluxesmod,ch4mod,ch4_type
baregroundfluxesmod,atm2lndtype,atm2lnd_type
baregroundfluxesmod,canopystatetype,canopystate_type
baregroundfluxesmod,energyfluxtype,energyflux_type
baregroundfluxesmod,frictionvelocitytype,frictionvel_type
baregroundfluxesmod,soilstatetype,soilstate_type
baregroundfluxesmod,topounitdatatype,top_as
baregroundfluxesmod,landunittype,lun_pp
baregroundfluxesmod,columntype,col_pp
baregroundfluxesmod,columndatatype,col_ws
baregroundfluxesmod,columndatatype,col_es
baregroundfluxesmod,columndatatype,col_ef
baregroundfluxesmod,vegetationtype,veg_pp
baregroundfluxesmod,vegetationdatatype,veg_wf
baregroundfluxesmod,vegetationdatatype,veg_es
baregroundfluxesmod,vegetationdatatype,veg_ws
baregroundfluxesmod,vegetationdatatype,veg_ef
baregroundfluxesmod,shr_const_mod,shr_const_rgas
baregroundfluxesmod,shr_flux_mod,shr_flux_update_stress
baregroundfluxesmod,elm_varpar,nlevgrnd
baregroundfluxesmod,elm_varcon,denh2o
baregroundfluxesmod,elm_varcon,vkc
baregroundfluxesmod,elm_varcon,denice
baregroundfluxesmod,elm_varcon,cpair
baregroundfluxesmod,elm_varcon,grav
baregroundfluxesmod,elm_varctl,use_lch4
baregroundfluxesmod,elm_varctl,iulog
baregroundfluxesmod,landunit_varcon,istcrop
baregroundfluxesmod,landunit_varcon,istsoil
baregroundfluxesmod,frictionvelocitymod,implicit_stress
baregroundfluxesmod,frictionvelocitymod,frictionvelocity
baregroundfluxesmod,frictionvelocitymod,force_land_gustiness
baregroundfluxesmod,frictionvelocitymod,atm_gustiness
baregroundfluxesmod,frictionvelocitymod,moninobukini
baregroundfluxesmod,qsatmod,qsat
baregroundfluxesmod,surfaceresistancemod,do_soilevap_beta
