subroutine,arg_type,arg_name,dim
elm_varctl_set,character,caseid_in,0
elm_varctl_set,character,ctitle_in,0
elm_varctl_set,logical,brnch_retain_casename_in,0
elm_varctl_set,logical,single_column_in,0
elm_varctl_set,logical,scm_multcols_in,0
elm_varctl_set,real,scmlat_in,0
elm_varctl_set,real,scmlon_in,0
elm_varctl_set,integer,scm_nx_in,0
elm_varctl_set,integer,scm_ny_in,0
elm_varctl_set,integer,nsrest_in,0
elm_varctl_set,character,version_in,0
elm_varctl_set,character,hostname_in,0
elm_varctl_set,character,username_in,0
cnallocate_carbon_only_set,logical,carbon_only_in,0
cnallocate_carbonnitrogen_only_set,logical,carbonnitrogen_only_in,0
cnallocate_carbonphosphorus_only_set,logical,carbonphosphorus_only_in,0
get_carbontag,character,carbon_type,0
shr_const_isspval,real,rval,0
domain_init,domain_type,domain,0
domain_init,logical,isgrid2d,0
domain_init,integer,ni,0
domain_init,integer,nj,0
domain_init,integer,nbeg,0
domain_init,integer,nend,0
domain_init,character,elmlevel,0
domain_clean,domain_type,domain,0
domain_check,domain_type,domain,0
get_beg,bounds_type,bounds,0
get_beg,integer,subgrid_level,0
get_end,bounds_type,bounds,0
get_end,integer,subgrid_level,0
get_clump_bounds_new,integer,n,0
get_clump_bounds_new,bounds_type,bounds,0
get_clump_bounds_old,integer,n,0
get_clump_bounds_old,integer,begg,0
get_clump_bounds_old,integer,endg,0
get_clump_bounds_old,integer,begt,0
get_clump_bounds_old,integer,endt,0
get_clump_bounds_old,integer,begl,0
get_clump_bounds_old,integer,endl,0
get_clump_bounds_old,integer,begc,0
get_clump_bounds_old,integer,endc,0
get_clump_bounds_old,integer,begp,0
get_clump_bounds_old,integer,endp,0
get_clump_bounds_old,integer,begcohort,0
get_clump_bounds_old,integer,endcohort,0
get_proc_bounds_new,bounds_type,bounds,0
get_proc_bounds_old,integer,begg,0
get_proc_bounds_old,integer,endg,0
get_proc_bounds_old,integer,begt,0
get_proc_bounds_old,integer,endt,0
get_proc_bounds_old,integer,begl,0
get_proc_bounds_old,integer,endl,0
get_proc_bounds_old,integer,begc,0
get_proc_bounds_old,integer,endc,0
get_proc_bounds_old,integer,begp,0
get_proc_bounds_old,integer,endp,0
get_proc_bounds_old,integer,begcohort,0
get_proc_bounds_old,integer,endcohort,0
get_proc_total,integer,pid,0
get_proc_total,integer,ncells,0
get_proc_total,integer,ntunits,0
get_proc_total,integer,nlunits,0
get_proc_total,integer,ncols,0
get_proc_total,integer,npfts,0
get_proc_total,integer,ncohorts,0
get_proc_global,integer,ng,0
get_proc_global,integer,nt,0
get_proc_global,integer,nl,0
get_proc_global,integer,nc,0
get_proc_global,integer,np,0
get_proc_global,integer,ncohorts,0
get_elmlevel_gsize,character,elmlevel,0
get_proc_total_ghosts,integer,ncells_ghost,0
get_proc_total_ghosts,integer,ntunits_ghost,0
get_proc_total_ghosts,integer,nlunits_ghost,0
get_proc_total_ghosts,integer,ncols_ghost,0
get_proc_total_ghosts,integer,npfts_ghost,0
get_proc_total_ghosts,integer,ncohorts_ghost,0
quadratic,real,a,0
quadratic,real,b,0
quadratic,real,c,0
quadratic,real,r1,0
quadratic,real,r2,0
veg_vp_init,vegetation_properties_type,this,0
veg_pp_init,vegetation_physical_properties,this,0
veg_pp_init,integer,begp,0
veg_pp_init,integer,endp,0
veg_pp_clean,vegetation_physical_properties,this,0
init,atm2lnd_type,this,0
init,bounds_type,bounds,0
initallocate,atm2lnd_type,this,0
initallocate,bounds_type,bounds,0
inithistory,atm2lnd_type,this,0
inithistory,bounds_type,bounds,0
initaccbuffer,atm2lnd_type,this,0
initaccbuffer,bounds_type,bounds,0
initaccvars,atm2lnd_type,this,0
initaccvars,bounds_type,bounds,0
updateaccvars,atm2lnd_type,this,0
updateaccvars,bounds_type,bounds,0
restart,atm2lnd_type,this,0
restart,bounds_type,bounds,0
restart,file_desc_t,ncid,0
restart,character,flag,0
landunit_is_special,integer,ltype,0
lun_pp_init,landunit_physical_properties,this,0
lun_pp_init,integer,begl,0
lun_pp_init,integer,endl,0
lun_pp_clean,landunit_physical_properties,this,0
col_pp_init,column_physical_properties,this,0
col_pp_init,integer,begc,0
col_pp_init,integer,endc,0
col_pp_clean,column_physical_properties,this,0
topounit_varcon_init,integer,begg,0
topounit_varcon_init,integer,endg,0
topounit_varcon_init,character,lfsurdat,0
topounit_varcon_init,domain_type,ldomain,0
grc_pp_init,gridcell_physical_properties_type,this,0
grc_pp_init,integer,begg,0
grc_pp_init,integer,endg,0
grc_pp_clean,gridcell_physical_properties_type,this,0
initcold,cnstate_type,this,0
initcold,bounds_type,bounds,0
surfacealbedoinittimeconst,bounds_type,bounds,0
timestepinit,photosyns_type,this,0
timestepinit,bounds_type,bounds,0
photosyns_vars_timestepinit,photosyns_type,photosyns_vars,0
photosyns_vars_timestepinit,bounds_type,bounds,0
newpatchinit,photosyns_type,this,0
newpatchinit,integer,p,0
is_hydrologically_active,integer,col_itype,0
is_hydrologically_active,integer,lun_itype,0
icemec_class_to_col_itype,integer,icemec_class,0
col_itype_to_icemec_class,integer,col_itype,0
init_top_pp,topounit_physical_properties,this,0
init_top_pp,integer,begt,0
init_top_pp,integer,endt,0
clean_top_pp,topounit_physical_properties,this,0
p2c_1d,bounds_type,bounds,0
p2c_1d,real,parr,1
p2c_1d,real,carr,1
p2c_1d,character,p2c_scale_type,0
p2c_1d_gpu,bounds_type,bounds,0
p2c_1d_gpu,real,parr,1
p2c_1d_gpu,real,carr,1
p2c_1d_gpu,integer,p2c_scale_type,0
p2c_2d,bounds_type,bounds,0
p2c_2d,integer,num2d,0
p2c_2d,real,parr,2
p2c_2d,real,carr,2
p2c_2d,character,p2c_scale_type,0
p2c_2d_gpu,bounds_type,bounds,0
p2c_2d_gpu,integer,num2d,0
p2c_2d_gpu,real,parr,2
p2c_2d_gpu,real,carr,2
p2c_2d_gpu,integer,p2c_scale_type,0
p2c_1d_filter,bounds_type,bounds,0
p2c_1d_filter,integer,numfc,0
p2c_1d_filter,integer,filterc,1
p2c_1d_filter,real,pftarr,1
p2c_1d_filter,real,colarr,1
p2c_2d_filter,integer,lev,0
p2c_2d_filter,integer,numfc,0
p2c_2d_filter,integer,filterc,1
p2c_2d_filter,real,pftarr,2
p2c_2d_filter,real,colarr,2
p2l_1d,bounds_type,bounds,0
p2l_1d,real,parr,1
p2l_1d,real,larr,1
p2l_1d,character,p2c_scale_type,0
p2l_1d,character,c2l_scale_type,0
p2l_2d,bounds_type,bounds,0
p2l_2d,integer,num2d,0
p2l_2d,real,parr,2
p2l_2d,real,larr,2
p2l_2d,character,p2c_scale_type,0
p2l_2d,character,c2l_scale_type,0
p2g_1d,bounds_type,bounds,0
p2g_1d,real,parr,1
p2g_1d,real,garr,1
p2g_1d,character,p2c_scale_type,0
p2g_1d,character,c2l_scale_type,0
p2g_1d,character,l2g_scale_type,0
p2g_1d_gpu,bounds_type,bounds,0
p2g_1d_gpu,real,parr,1
p2g_1d_gpu,real,garr,1
p2g_1d_gpu,integer,p2c_scale_type,0
p2g_1d_gpu,integer,c2l_scale_type,0
p2g_1d_gpu,integer,l2g_scale_type,0
p2g_2d,bounds_type,bounds,0
p2g_2d,integer,num2d,0
p2g_2d,real,parr,2
p2g_2d,real,garr,2
p2g_2d,character,p2c_scale_type,0
p2g_2d,character,c2l_scale_type,0
p2g_2d,character,l2g_scale_type,0
p2g_2d_gpu,bounds_type,bounds,0
p2g_2d_gpu,integer,num2d,0
p2g_2d_gpu,real,parr,2
p2g_2d_gpu,real,garr,2
p2g_2d_gpu,integer,p2c_scale_type,0
p2g_2d_gpu,integer,c2l_scale_type,0
p2g_2d_gpu,integer,l2g_scale_type,0
c2l_1d,bounds_type,bounds,0
c2l_1d,real,carr,1
c2l_1d,real,larr,1
c2l_1d,character,c2l_scale_type,0
c2l_2d,bounds_type,bounds,0
c2l_2d,integer,num2d,0
c2l_2d,real,carr,2
c2l_2d,real,larr,2
c2l_2d,character,c2l_scale_type,0
c2g_1d,bounds_type,bounds,0
c2g_1d,real,carr,1
c2g_1d,real,garr,1
c2g_1d,character,c2l_scale_type,0
c2g_1d,character,l2g_scale_type,0
c2g_1d_gpu,bounds_type,bounds,0
c2g_1d_gpu,real,carr,1
c2g_1d_gpu,real,garr,1
c2g_1d_gpu,integer,c2l_scale_type,0
c2g_1d_gpu,integer,l2g_scale_type,0
c2g_2d,bounds_type,bounds,0
c2g_2d,integer,num2d,0
c2g_2d,real,carr,2
c2g_2d,real,garr,2
c2g_2d,character,c2l_scale_type,0
c2g_2d,character,l2g_scale_type,0
c2g_2d_gpu,bounds_type,bounds,0
c2g_2d_gpu,integer,num2d,0
c2g_2d_gpu,real,carr,2
c2g_2d_gpu,real,garr,2
c2g_2d_gpu,integer,c2l_scale_type,0
c2g_2d_gpu,integer,l2g_scale_type,0
l2g_1d,bounds_type,bounds,0
l2g_1d,real,larr,1
l2g_1d,real,garr,1
l2g_1d,character,l2g_scale_type,0
l2g_2d,bounds_type,bounds,0
l2g_2d,integer,num2d,0
l2g_2d,real,larr,2
l2g_2d,real,garr,2
l2g_2d,character,l2g_scale_type,0
l2g_1d_gpu,bounds_type,bounds,0
l2g_1d_gpu,real,larr,1
l2g_1d_gpu,real,garr,1
l2g_1d_gpu,integer,l2g_scale_type,0
l2g_2d_gpu,bounds_type,bounds,0
l2g_2d_gpu,integer,num2d,0
l2g_2d_gpu,real,larr,2
l2g_2d_gpu,real,garr,2
l2g_2d_gpu,integer,l2g_scale_type,0
build_scale_l2g,bounds_type,bounds,0
build_scale_l2g,character,l2g_scale_type,0
build_scale_l2g,real,scale_l2g,1
build_scale_l2g_gpu,bounds_type,bounds,0
build_scale_l2g_gpu,integer,l2g_scale_type,0
build_scale_l2g_gpu,real,scale_l2g,1
build_scale_l2t,bounds_type,bounds,0
build_scale_l2t,character,l2t_scale_type,0
build_scale_l2t,real,scale_l2t,1
create_scale_l2g_lookup,character,l2g_scale_type,0
create_scale_l2g_lookup,real,scale_lookup,1
create_scale_l2t_lookup,character,l2t_scale_type,0
create_scale_l2t_lookup,real,scale_lookup,1
p2t_1d,bounds_type,bounds,0
p2t_1d,real,parr,1
p2t_1d,real,tarr,1
p2t_1d,character,p2c_scale_type,0
p2t_1d,character,c2l_scale_type,0
p2t_1d,character,l2t_scale_type,0
p2t_2d,bounds_type,bounds,0
p2t_2d,integer,num2d,0
p2t_2d,real,parr,2
p2t_2d,real,tarr,2
p2t_2d,character,p2c_scale_type,0
p2t_2d,character,c2l_scale_type,0
p2t_2d,character,l2t_scale_type,0
c2t_1d,bounds_type,bounds,0
c2t_1d,real,carr,1
c2t_1d,real,tarr,1
c2t_1d,character,c2l_scale_type,0
c2t_1d,character,l2t_scale_type,0
c2t_2d,bounds_type,bounds,0
c2t_2d,integer,num2d,0
c2t_2d,real,carr,2
c2t_2d,real,tarr,2
c2t_2d,character,c2l_scale_type,0
c2t_2d,character,l2t_scale_type,0
l2t_1d,bounds_type,bounds,0
l2t_1d,real,larr,1
l2t_1d,real,tarr,1
l2t_1d,character,l2t_scale_type,0
l2t_2d,bounds_type,bounds,0
l2t_2d,integer,num2d,0
l2t_2d,real,larr,2
l2t_2d,real,tarr,2
l2t_2d,character,l2t_scale_type,0
create_scale_l2g_lookup_gpu,integer,l2g_scale_type,0
create_scale_l2g_lookup_gpu,real,scale_lookup,1
t2g_1d,bounds_type,bounds,0
t2g_1d,real,tarr,1
t2g_1d,real,garr,1
t2g_1d,character,t2g_scale_type,0
t2g_2d,bounds_type,bounds,0
t2g_2d,integer,num2d,0
t2g_2d,real,tarr,2
t2g_2d,real,garr,2
t2g_2d,character,t2g_scale_type,0
t2g_1d_gpu,bounds_type,bounds,0
t2g_1d_gpu,real,tarr,1
t2g_1d_gpu,real,garr,1
t2g_2d_gpu,bounds_type,bounds,0
t2g_2d_gpu,integer,num2d,0
t2g_2d_gpu,real,tarr,2
t2g_2d_gpu,real,garr,2
create_scale_c2l,bounds_type,bounds,0
create_scale_c2l,integer,num2d,0
create_scale_c2l,real,tarr,2
create_scale_c2l,real,garr,2
create_scale_c2l_gpu,bounds_type,bounds,0
create_scale_c2l_gpu,integer,c2l_scale_type,0
create_scale_c2l_gpu,real,scale_c2l,1
urbaninput,integer,begg,0
urbaninput,integer,endg,0
urbaninput,character,mode,0
checkurban,integer,begg,0
checkurban,integer,endg,0
checkurban,real,pcturb,3
checkurban,character,caller,0
checkurban,integer,ntpu,1
col_es_init,column_energy_state,this,0
col_es_init,integer,begc,0
col_es_init,integer,endc,0
col_es_restart,column_energy_state,this,0
col_es_restart,bounds_type,bounds,0
col_es_restart,file_desc_t,ncid,0
col_es_restart,character,flag,0
col_es_clean,column_energy_state,this,0
col_ws_init,column_water_state,this,0
col_ws_init,integer,begc,0
col_ws_init,integer,endc,0
col_ws_init,real,h2osno_input,1
col_ws_init,real,snow_depth_input,1
col_ws_init,real,watsat_input,2
col_ws_restart,column_water_state,this,0
col_ws_restart,bounds_type,bounds,0
col_ws_restart,file_desc_t,ncid,0
col_ws_restart,character,flag,0
col_ws_restart,real,watsat_input,2
col_ws_clean,column_water_state,this,0
col_cs_init,column_carbon_state,this,0
col_cs_init,integer,begc,0
col_cs_init,integer,endc,0
col_cs_init,character,carbon_type,0
col_cs_init,real,ratio,0
col_cs_init,column_carbon_state,c12_carbonstate_vars,0
col_cs_restart,column_carbon_state,this,0
col_cs_restart,bounds_type,bounds,0
col_cs_restart,file_desc_t,ncid,0
col_cs_restart,character,flag,0
col_cs_restart,character,carbon_type,0
col_cs_restart,column_carbon_state,c12_carbonstate_vars,0
col_cs_restart,cnstate_type,cnstate_vars,0
col_cs_summary,column_carbon_state,this,0
col_cs_summary,bounds_type,bounds,0
col_cs_summary,integer,num_soilc,0
col_cs_summary,integer,filter_soilc,1
col_cs_zero_forfates_veg,column_carbon_state,this,0
col_cs_zero_forfates_veg,bounds_type,bounds,0
col_cs_zero_forfates_veg,integer,num_soilc,0
col_cs_zero_forfates_veg,integer,filter_soilc,1
col_cs_clean,column_carbon_state,this,0
col_ns_init,column_nitrogen_state,this,0
col_ns_init,integer,begc,0
col_ns_init,integer,endc,0
col_ns_init,column_carbon_state,col_cs,0
col_ns_restart,column_nitrogen_state,this,0
col_ns_restart,bounds_type,bounds,0
col_ns_restart,file_desc_t,ncid,0
col_ns_restart,character,flag,0
col_ns_restart,cnstate_type,cnstate_vars,0
col_ns_setvalues,column_nitrogen_state,this,0
col_ns_setvalues,integer,num_column,0
col_ns_setvalues,integer,filter_column,1
col_ns_setvalues,real,value_column,0
col_ns_summary,column_nitrogen_state,this,0
col_ns_summary,bounds_type,bounds,0
col_ns_summary,integer,num_soilc,0
col_ns_summary,integer,filter_soilc,1
col_ns_zero_forfates_veg,column_nitrogen_state,this,0
col_ns_zero_forfates_veg,bounds_type,bounds,0
col_ns_zero_forfates_veg,integer,num_soilc,0
col_ns_zero_forfates_veg,integer,filter_soilc,1
col_ns_clean,column_nitrogen_state,this,0
col_ps_init,column_phosphorus_state,this,0
col_ps_init,integer,begc,0
col_ps_init,integer,endc,0
col_ps_init,column_carbon_state,col_cs,0
col_ps_restart,column_phosphorus_state,this,0
col_ps_restart,bounds_type,bounds,0
col_ps_restart,file_desc_t,ncid,0
col_ps_restart,character,flag,0
col_ps_restart,cnstate_type,cnstate_vars,0
col_ps_setvalues,column_phosphorus_state,this,0
col_ps_setvalues,integer,num_column,0
col_ps_setvalues,integer,filter_column,1
col_ps_setvalues,real,value_column,0
col_ps_summary,column_phosphorus_state,this,0
col_ps_summary,bounds_type,bounds,0
col_ps_summary,integer,num_soilc,0
col_ps_summary,integer,filter_soilc,1
col_ps_zero_forfates_veg,column_phosphorus_state,this,0
col_ps_zero_forfates_veg,bounds_type,bounds,0
col_ps_zero_forfates_veg,integer,num_soilc,0
col_ps_zero_forfates_veg,integer,filter_soilc,1
col_ps_clean,column_phosphorus_state,this,0
col_ef_init,column_energy_flux,this,0
col_ef_init,integer,begc,0
col_ef_init,integer,endc,0
col_ef_restart,column_energy_flux,this,0
col_ef_restart,bounds_type,bounds,0
col_ef_restart,file_desc_t,ncid,0
col_ef_restart,character,flag,0
col_ef_clean,column_energy_flux,this,0
col_wf_init,column_water_flux,this,0
col_wf_init,integer,begc,0
col_wf_init,integer,endc,0
col_wf_restart,column_water_flux,this,0
col_wf_restart,bounds_type,bounds,0
col_wf_restart,file_desc_t,ncid,0
col_wf_restart,character,flag,0
col_wf_reset,column_water_flux,this,0
col_wf_reset,bounds_type,bounds,0
col_wf_reset,integer,numf,0
col_wf_reset,integer,filter,1
col_wf_clean,column_water_flux,this,0
col_cf_init,column_carbon_flux,this,0
col_cf_init,integer,begc,0
col_cf_init,integer,endc,0
col_cf_init,character,carbon_type,0
col_cf_restart,column_carbon_flux,this,0
col_cf_restart,bounds_type,bounds,0
col_cf_restart,file_desc_t,ncid,0
col_cf_restart,character,flag,0
col_cf_summary,column_carbon_flux,this,0
col_cf_summary,bounds_type,bounds,0
col_cf_summary,integer,num_soilc,0
col_cf_summary,integer,filter_soilc,1
col_cf_summary,character,isotope,0
col_cf_summary_for_ch4,column_carbon_flux,this,0
col_cf_summary_for_ch4,bounds_type,bounds,0
col_cf_summary_for_ch4,integer,num_soilc,0
col_cf_summary_for_ch4,integer,filter_soilc,1
col_cf_setvalues,column_carbon_flux,this,0
col_cf_setvalues,integer,num_column,0
col_cf_setvalues,integer,filter_column,1
col_cf_setvalues,real,value_column,0
col_cf_zero_forfates_veg,column_carbon_flux,this,0
col_cf_zero_forfates_veg,bounds_type,bounds,0
col_cf_zero_forfates_veg,integer,num_soilc,0
col_cf_zero_forfates_veg,integer,filter_soilc,1
col_cf_zero_forfates_veg_rr,column_carbon_flux,this,0
col_cf_zero_forfates_veg_rr,bounds_type,bounds,0
col_cf_zero_forfates_veg_rr,integer,num_soilc,0
col_cf_zero_forfates_veg_rr,integer,filter_soilc,1
col_cf_zerodwt,column_carbon_flux,this,0
col_cf_zerodwt,bounds_type,bounds,0
col_cf_summary_pf,column_carbon_flux,this,0
col_cf_summary_pf,bounds_type,bounds,0
col_cf_summary_pf,integer,num_soilc,0
col_cf_summary_pf,integer,filter_soilc,1
col_cf_clean,column_carbon_flux,this,0
col_nf_init,column_nitrogen_flux,this,0
col_nf_init,integer,begc,0
col_nf_init,integer,endc,0
col_nf_restart,column_nitrogen_flux,this,0
col_nf_restart,bounds_type,bounds,0
col_nf_restart,file_desc_t,ncid,0
col_nf_restart,character,flag,0
col_nf_setvalues,column_nitrogen_flux,this,0
col_nf_setvalues,integer,num_column,0
col_nf_setvalues,integer,filter_column,1
col_nf_setvalues,real,value_column,0
col_nf_zerodwt,column_nitrogen_flux,this,0
col_nf_zerodwt,bounds_type,bounds,0
col_nf_zero_forfates_veg,column_nitrogen_flux,this,0
col_nf_zero_forfates_veg,bounds_type,bounds,0
col_nf_zero_forfates_veg,integer,num_soilc,0
col_nf_zero_forfates_veg,integer,filter_soilc,1
col_nf_summary,column_nitrogen_flux,this,0
col_nf_summary,bounds_type,bounds,0
col_nf_summary,integer,num_soilc,0
col_nf_summary,integer,filter_soilc,1
col_nf_summaryint,column_nitrogen_flux,this,0
col_nf_summaryint,bounds_type,bounds,0
col_nf_summaryint,integer,num_soilc,0
col_nf_summaryint,integer,filter_soilc,1
col_nf_clean,column_nitrogen_flux,this,0
col_pf_init,column_phosphorus_flux,this,0
col_pf_init,integer,begc,0
col_pf_init,integer,endc,0
col_pf_restart,column_phosphorus_flux,this,0
col_pf_restart,bounds_type,bounds,0
col_pf_restart,file_desc_t,ncid,0
col_pf_restart,character,flag,0
col_pf_setvalues,column_phosphorus_flux,this,0
col_pf_setvalues,integer,num_column,0
col_pf_setvalues,integer,filter_column,1
col_pf_setvalues,real,value_column,0
col_pf_zerodwt,column_phosphorus_flux,this,0
col_pf_zerodwt,bounds_type,bounds,0
col_pf_zero_forfates_veg,column_phosphorus_flux,this,0
col_pf_zero_forfates_veg,bounds_type,bounds,0
col_pf_zero_forfates_veg,integer,num_soilc,0
col_pf_zero_forfates_veg,integer,filter_soilc,1
col_pf_summary,column_phosphorus_flux,this,0
col_pf_summary,bounds_type,bounds,0
col_pf_summary,integer,num_soilc,0
col_pf_summary,integer,filter_soilc,1
col_pf_summaryint,column_phosphorus_flux,this,0
col_pf_summaryint,bounds_type,bounds,0
col_pf_summaryint,integer,num_soilc,0
col_pf_summaryint,integer,filter_soilc,1
col_pf_clean,column_phosphorus_flux,this,0
species_from_string,character,species_string,0
dynsubgridcontrol_init,character,nlfilename,0
read_namelist,character,nlfilename,0
veg_es_init,vegetation_energy_state,this,0
veg_es_init,integer,begp,0
veg_es_init,integer,endp,0
veg_es_restart,vegetation_energy_state,this,0
veg_es_restart,bounds_type,bounds,0
veg_es_restart,file_desc_t,ncid,0
veg_es_restart,character,flag,0
veg_es_clean,vegetation_energy_state,this,0
init_acc_buffer_veg_es,vegetation_energy_state,this,0
init_acc_buffer_veg_es,bounds_type,bounds,0
init_acc_vars_veg_es,vegetation_energy_state,this,0
init_acc_vars_veg_es,bounds_type,bounds,0
update_acc_vars_veg_es,vegetation_energy_state,this,0
update_acc_vars_veg_es,bounds_type,bounds,0
veg_ws_init,vegetation_water_state,this,0
veg_ws_init,integer,begp,0
veg_ws_init,integer,endp,0
veg_ws_restart,vegetation_water_state,this,0
veg_ws_restart,bounds_type,bounds,0
veg_ws_restart,file_desc_t,ncid,0
veg_ws_restart,character,flag,0
veg_ws_clean,vegetation_water_state,this,0
veg_cs_init,vegetation_carbon_state,this,0
veg_cs_init,integer,begp,0
veg_cs_init,integer,endp,0
veg_cs_init,character,carbon_type,0
veg_cs_init,real,ratio,0
veg_cs_restart,vegetation_carbon_state,this,0
veg_cs_restart,bounds_type,bounds,0
veg_cs_restart,file_desc_t,ncid,0
veg_cs_restart,character,flag,0
veg_cs_restart,character,carbon_type,0
veg_cs_restart,vegetation_carbon_state,c12_veg_cs,0
veg_cs_restart,cnstate_type,cnstate_vars,0
veg_cs_summary,vegetation_carbon_state,this,0
veg_cs_summary,bounds_type,bounds,0
veg_cs_summary,integer,num_soilc,0
veg_cs_summary,integer,filter_soilc,1
veg_cs_summary,integer,num_soilp,0
veg_cs_summary,integer,filter_soilp,1
veg_cs_summary,column_carbon_state,col_cs,0
veg_cs_zerodwt,vegetation_carbon_state,this,0
veg_cs_zerodwt,bounds_type,bounds,0
veg_cs_clean,vegetation_carbon_state,this,0
veg_ns_init,vegetation_nitrogen_state,this,0
veg_ns_init,integer,begp,0
veg_ns_init,integer,endp,0
veg_ns_init,vegetation_carbon_state,veg_cs,0
veg_ns_restart,vegetation_nitrogen_state,this,0
veg_ns_restart,bounds_type,bounds,0
veg_ns_restart,file_desc_t,ncid,0
veg_ns_restart,character,flag,0
veg_ns_summary,vegetation_nitrogen_state,this,0
veg_ns_summary,bounds_type,bounds,0
veg_ns_summary,integer,num_soilc,0
veg_ns_summary,integer,filter_soilc,1
veg_ns_summary,integer,num_soilp,0
veg_ns_summary,integer,filter_soilp,1
veg_ns_summary,column_nitrogen_state,col_ns,0
veg_ns_setvalues,vegetation_nitrogen_state,this,0
veg_ns_setvalues,integer,num_veg,0
veg_ns_setvalues,integer,filter_veg,1
veg_ns_setvalues,real,value_veg,0
veg_ns_zerodwt,vegetation_nitrogen_state,this,0
veg_ns_zerodwt,bounds_type,bounds,0
veg_ns_clean,vegetation_nitrogen_state,this,0
veg_ps_init,vegetation_phosphorus_state,this,0
veg_ps_init,integer,begp,0
veg_ps_init,integer,endp,0
veg_ps_init,vegetation_carbon_state,veg_cs,0
veg_ps_restart,vegetation_phosphorus_state,this,0
veg_ps_restart,bounds_type,bounds,0
veg_ps_restart,file_desc_t,ncid,0
veg_ps_restart,character,flag,0
veg_ps_setvalues,vegetation_phosphorus_state,this,0
veg_ps_setvalues,integer,num_patch,0
veg_ps_setvalues,integer,filter_patch,1
veg_ps_setvalues,real,value_patch,0
veg_ps_zerodwt,vegetation_phosphorus_state,this,0
veg_ps_zerodwt,bounds_type,bounds,0
veg_ps_summary,vegetation_phosphorus_state,this,0
veg_ps_summary,bounds_type,bounds,0
veg_ps_summary,integer,num_soilc,0
veg_ps_summary,integer,filter_soilc,1
veg_ps_summary,integer,num_soilp,0
veg_ps_summary,integer,filter_soilp,1
veg_ps_summary,column_phosphorus_state,col_ps,0
veg_ps_clean,vegetation_phosphorus_state,this,0
veg_ef_init,vegetation_energy_flux,this,0
veg_ef_init,integer,begp,0
veg_ef_init,integer,endp,0
veg_ef_restart,vegetation_energy_flux,this,0
veg_ef_restart,bounds_type,bounds,0
veg_ef_restart,file_desc_t,ncid,0
veg_ef_restart,character,flag,0
veg_ef_clean,vegetation_energy_flux,this,0
veg_wf_init,vegetation_water_flux,this,0
veg_wf_init,integer,begp,0
veg_wf_init,integer,endp,0
veg_wf_restart,vegetation_water_flux,this,0
veg_wf_restart,bounds_type,bounds,0
veg_wf_restart,file_desc_t,ncid,0
veg_wf_restart,character,flag,0
veg_wf_clean,vegetation_water_flux,this,0
veg_cf_init,vegetation_carbon_flux,this,0
veg_cf_init,integer,begp,0
veg_cf_init,integer,endp,0
veg_cf_init,character,carbon_type,0
veg_cf_restart,vegetation_carbon_flux,this,0
veg_cf_restart,bounds_type,bounds,0
veg_cf_restart,file_desc_t,ncid,0
veg_cf_restart,character,flag,0
veg_cf_summary,vegetation_carbon_flux,this,0
veg_cf_summary,bounds_type,bounds,0
veg_cf_summary,integer,num_soilp,0
veg_cf_summary,integer,filter_soilp,1
veg_cf_summary,integer,num_soilc,0
veg_cf_summary,integer,filter_soilc,1
veg_cf_summary,character,isotope,0
veg_cf_summary,column_carbon_flux,col_cf_input,0
veg_cf_summary_rr,vegetation_carbon_flux,this,0
veg_cf_summary_rr,bounds_type,bounds,0
veg_cf_summary_rr,integer,num_soilp,0
veg_cf_summary_rr,integer,filter_soilp,1
veg_cf_summary_rr,integer,num_soilc,0
veg_cf_summary_rr,integer,filter_soilc,1
veg_cf_summary_rr,column_carbon_flux,col_cf_input,0
veg_cf_summary_for_ch4,vegetation_carbon_flux,this,0
veg_cf_summary_for_ch4,bounds_type,bounds,0
veg_cf_summary_for_ch4,integer,num_soilp,0
veg_cf_summary_for_ch4,integer,filter_soilp,1
veg_cf_setvalues,vegetation_carbon_flux,this,0
veg_cf_setvalues,integer,num_patch,0
veg_cf_setvalues,integer,filter_patch,1
veg_cf_setvalues,real,value_patch,0
veg_cf_clean,vegetation_carbon_flux,this,0
veg_nf_init,vegetation_nitrogen_flux,this,0
veg_nf_init,integer,begp,0
veg_nf_init,integer,endp,0
veg_nf_restart,vegetation_nitrogen_flux,this,0
veg_nf_restart,bounds_type,bounds,0
veg_nf_restart,file_desc_t,ncid,0
veg_nf_restart,character,flag,0
veg_nf_setvalues,vegetation_nitrogen_flux,this,0
veg_nf_setvalues,integer,num_patch,0
veg_nf_setvalues,integer,filter_patch,1
veg_nf_setvalues,real,value_patch,0
veg_nf_summary,vegetation_nitrogen_flux,this,0
veg_nf_summary,bounds_type,bounds,0
veg_nf_summary,integer,num_soilc,0
veg_nf_summary,integer,filter_soilc,1
veg_nf_summary,integer,num_soilp,0
veg_nf_summary,integer,filter_soilp,1
veg_nf_summary,column_nitrogen_flux,col_nf,0
veg_nf_clean,vegetation_nitrogen_flux,this,0
veg_pf_init,vegetation_phosphorus_flux,this,0
veg_pf_init,integer,begp,0
veg_pf_init,integer,endp,0
veg_pf_restart,vegetation_phosphorus_flux,this,0
veg_pf_restart,bounds_type,bounds,0
veg_pf_restart,file_desc_t,ncid,0
veg_pf_restart,character,flag,0
veg_pf_setvalues,vegetation_phosphorus_flux,this,0
veg_pf_setvalues,integer,num_patch,0
veg_pf_setvalues,integer,filter_patch,1
veg_pf_setvalues,real,value_patch,0
veg_pf_summary,vegetation_phosphorus_flux,this,0
veg_pf_summary,bounds_type,bounds,0
veg_pf_summary,integer,num_soilc,0
veg_pf_summary,integer,filter_soilc,1
veg_pf_summary,integer,num_soilp,0
veg_pf_summary,integer,filter_soilp,1
veg_pf_summary,column_phosphorus_flux,col_pf,0
veg_pf_clean,vegetation_phosphorus_flux,this,0
cropincrementyear,crop_type,this,0
cropincrementyear,integer,num_pcropp,0
cropincrementyear,integer,filter_pcropp,1
paramsreadshared,file_desc_t,ncid,0
pedotransf,integer,ipedof,0
pedotransf,real,sand,0
pedotransf,real,clay,0
pedotransf,real,watsat,0
pedotransf,real,bsw,0
pedotransf,real,sucsat,0
pedotransf,real,xksat,0
pedotransf_cosby1984_table4,real,sand,0
pedotransf_cosby1984_table4,real,clay,0
pedotransf_cosby1984_table4,real,watsat,0
pedotransf_cosby1984_table4,real,bsw,0
pedotransf_cosby1984_table4,real,sucsat,0
pedotransf_cosby1984_table4,real,xksat,0
pedotransf_cosby1984_table5,real,sand,0
pedotransf_cosby1984_table5,real,clay,0
pedotransf_cosby1984_table5,real,watsat,0
pedotransf_cosby1984_table5,real,bsw,0
pedotransf_cosby1984_table5,real,sucsat,0
pedotransf_cosby1984_table5,real,xksat,0
pedotransf_noilhan_lacarrere1995,real,sand,0
pedotransf_noilhan_lacarrere1995,real,clay,0
pedotransf_noilhan_lacarrere1995,real,watsat,0
pedotransf_noilhan_lacarrere1995,real,bsw,0
pedotransf_noilhan_lacarrere1995,real,sucsat,0
pedotransf_noilhan_lacarrere1995,real,xksat,0
get_ipedof,integer,soil_order,0
init_vegrootfr,bounds_type,bounds,0
init_vegrootfr,integer,nlevsoi,0
init_vegrootfr,integer,nlevgrnd,0
init_vegrootfr,integer,nlev2bed,1
init_vegrootfr,real,rootfr,2
zeng2001_rootfr,bounds_type,bounds,0
zeng2001_rootfr,integer,ubj,0
zeng2001_rootfr,integer,njbed,1
domainlateral_init,domainlateral_type,domain_l,0
domainlateral_init,integer,cellsoncell_old,2
domainlateral_init,integer,edgesoncell_old,2
domainlateral_init,integer,nedgesoncell_old,1
domainlateral_init,real,areacell_old,1
domainlateral_init,real,dcedge_old,1
domainlateral_init,real,dvedge_old,1
domainlateral_init,integer,ncells_loc_old,0
domainlateral_init,integer,nedges_loc_old,0
domainlateral_init,integer,maxedges,0
initcoldghost,soilstate_type,this,0
initcoldghost,bounds_type,bounds_proc,0
readcnallocparams,file_desc_t,ncid,0
allocationinit,bounds_type,bounds,0
allocationinit,hlm_fates_interface_type,elm_fates,0
allocation1_plantnpdemand,bounds_type,bounds,0
allocation1_plantnpdemand,integer,num_soilc,0
allocation1_plantnpdemand,integer,filter_soilc,1
allocation1_plantnpdemand,integer,num_soilp,0
allocation1_plantnpdemand,integer,filter_soilp,1
allocation1_plantnpdemand,photosyns_type,photosyns_vars,0
allocation1_plantnpdemand,crop_type,crop_vars,0
allocation1_plantnpdemand,canopystate_type,canopystate_vars,0
allocation1_plantnpdemand,cnstate_type,cnstate_vars,0
allocation1_plantnpdemand,real,dt,0
allocation1_plantnpdemand,integer,yr,0
allocation2_resolvenplimit,bounds_type,bounds,0
allocation2_resolvenplimit,integer,num_soilc,0
allocation2_resolvenplimit,integer,filter_soilc,1
allocation2_resolvenplimit,integer,num_soilp,0
allocation2_resolvenplimit,integer,filter_soilp,1
allocation2_resolvenplimit,cnstate_type,cnstate_vars,0
allocation2_resolvenplimit,soilstate_type,soilstate_vars,0
allocation2_resolvenplimit,real,dt,0
allocation2_resolvenplimit,hlm_fates_interface_type,elm_fates,0
allocation3_plantcnpalloc,bounds_type,bounds,0
allocation3_plantcnpalloc,integer,num_soilc,0
allocation3_plantcnpalloc,integer,filter_soilc,1
allocation3_plantcnpalloc,integer,num_soilp,0
allocation3_plantcnpalloc,integer,filter_soilp,1
allocation3_plantcnpalloc,canopystate_type,canopystate_vars,0
allocation3_plantcnpalloc,cnstate_type,cnstate_vars,0
allocation3_plantcnpalloc,crop_type,crop_vars,0
allocation3_plantcnpalloc,real,dt,0
nallocationecamic,integer,pci,0
nallocationecamic,real,dt,0
nallocationecamic,real,bd,1
nallocationecamic,real,h2osoi_vol,1
nallocationecamic,real,t_scalar,1
nallocationecamic,integer,n_pcomp,0
nallocationecamic,integer,filter_pcomp,1
nallocationecamic,real,veg_rootc,2
nallocationecamic,integer,ft_index,1
nallocationecamic,real,cn_scalar_runmean,1
nallocationecamic,real,decompmicc,1
nallocationecamic,real,smin_nh4_vr,1
nallocationecamic,character,nu_com,0
nallocationecamic,real,km_nh4_plant,1
nallocationecamic,real,vmax_nh4_plant,1
nallocationecamic,real,km_decomp_nh4,0
nallocationecamic,real,potential_immob_vr,1
nallocationecamic,real,plant_nh4demand_vr,2
nallocationecamic,real,col_plant_nh4demand_vr,1
nallocationecamic,real,fpi_nh4_vr,1
nallocationecamic,real,actual_immob_nh4_vr,1
nallocationecamic,real,smin_nh4_to_plant_vr,1
nallocationecamic,real,smin_no3_vr,1
nallocationecamic,real,km_no3_plant,1
nallocationecamic,real,vmax_no3_plant,1
nallocationecamic,real,km_decomp_no3,0
nallocationecamic,real,km_nit,0
nallocationecamic,real,km_den,0
nallocationecamic,real,pot_f_nit_vr,1
nallocationecamic,real,pot_f_denit_vr,1
nallocationecamic,real,plant_no3demand_vr,2
nallocationecamic,real,col_plant_no3demand_vr,1
nallocationecamic,real,fpi_no3_vr,1
nallocationecamic,real,actual_immob_no3_vr,1
nallocationecamic,real,smin_no3_to_plant_vr,1
nallocationecamic,real,f_nit_vr,1
nallocationecamic,real,f_denit_vr,1
pallocationecamic,integer,pci,0
pallocationecamic,real,dt,0
pallocationecamic,real,h2osoi_vol,1
pallocationecamic,real,t_scalar,1
pallocationecamic,real,gross_pmin_vr,1
pallocationecamic,real,potential_immob_p_vr,1
pallocationecamic,real,biochem_pmin_vr_col,1
pallocationecamic,real,primp_to_labilep_vr_col,1
pallocationecamic,real,pdep_to_sminp,0
pallocationecamic,real,pdep_prof,1
pallocationecamic,real,vmax_minsurf_p_vr,1
pallocationecamic,real,km_minsurf_p_vr,1
pallocationecamic,real,solutionp_vr,1
pallocationecamic,character,nu_com,0
pallocationecamic,integer,n_pcomp,0
pallocationecamic,integer,filter_pcomp,1
pallocationecamic,real,veg_rootc,2
pallocationecamic,integer,ft_index,1
pallocationecamic,real,decompmicc,1
pallocationecamic,real,cp_scalar_runmean,1
pallocationecamic,real,km_plant_p,1
pallocationecamic,real,vmax_plant_p,1
pallocationecamic,real,km_decomp_p,0
pallocationecamic,real,labilep_vr,1
pallocationecamic,real,plant_pdemand_vr_patch,2
pallocationecamic,real,col_plant_pdemand_vr,1
pallocationecamic,real,adsorb_to_labilep_vr,1
pallocationecamic,real,fpi_p_vr,1
pallocationecamic,real,actual_immob_p_vr,1
pallocationecamic,real,sminp_to_plant_vr,1
pallocationecamic,real,desorb_to_solutionp_vr,1
pallocationecamic,real,supplement_to_sminp_vr,1
nallocationrd,real,col_plant_ndemand_vr,1
nallocationrd,real,potential_immob_vr,1
nallocationrd,real,compet_plants_nh4,0
nallocationrd,real,compet_decomp_nh4,0
nallocationrd,real,dt,0
nallocationrd,real,smin_nh4_vr,1
nallocationrd,real,fpi_nh4_vr,1
nallocationrd,real,actual_immob_nh4_vr,1
nallocationrd,real,smin_nh4_to_plant_vr,1
nallocationrd,real,smin_no3_vr,1
nallocationrd,real,compet_plants_no3,0
nallocationrd,real,compet_decomp_no3,0
nallocationrd,real,compet_nit,0
nallocationrd,real,compet_denit,0
nallocationrd,real,pot_f_nit_vr,1
nallocationrd,real,pot_f_denit_vr,1
nallocationrd,real,fpi_no3_vr,1
nallocationrd,real,actual_immob_no3_vr,1
nallocationrd,real,smin_no3_to_plant_vr,1
nallocationrd,real,f_nit_vr,1
nallocationrd,real,f_denit_vr,1
pallocationrd,real,col_plant_pdemand_vr,1
pallocationrd,real,potential_immob_p_vr,1
pallocationrd,real,solutionp_vr,1
pallocationrd,real,dt,0
pallocationrd,real,fpi_p_vr,1
pallocationrd,real,actual_immob_p_vr,1
pallocationrd,real,sminp_to_plant_vr,1
pallocationrd,real,supplement_to_sminp_vr,1
calc_nuptake_prof,bounds_type,bounds,0
calc_nuptake_prof,integer,num_soilc,0
calc_nuptake_prof,integer,filter_soilc,1
calc_nuptake_prof,cnstate_type,cnstate_vars,0
calc_nuptake_prof,real,nuptake_prof,2
calc_puptake_prof,bounds_type,bounds,0
calc_puptake_prof,integer,num_soilc,0
calc_puptake_prof,integer,filter_soilc,1
calc_puptake_prof,cnstate_type,cnstate_vars,0
calc_puptake_prof,real,puptake_prof,2
dynamic_plant_alloc,real,nutrient_scalar,0
dynamic_plant_alloc,real,water_scalar,0
dynamic_plant_alloc,real,laindex,0
dynamic_plant_alloc,real,alloc_leaf,0
dynamic_plant_alloc,real,alloc_stem,0
dynamic_plant_alloc,real,alloc_froot,0
dynamic_plant_alloc,real,woody,0
init_top_as,topounit_atmospheric_state,this,0
init_top_as,integer,begt,0
init_top_as,integer,endt,0
clean_top_as,topounit_atmospheric_state,this,0
clean_top_as,integer,begt,0
clean_top_as,integer,endt,0
init_acc_buffer_top_as,topounit_atmospheric_state,this,0
init_acc_buffer_top_as,bounds_type,bounds,0
init_acc_vars_top_as,topounit_atmospheric_state,this,0
init_acc_vars_top_as,bounds_type,bounds,0
update_acc_vars_top_as,topounit_atmospheric_state,this,0
update_acc_vars_top_as,bounds_type,bounds,0
init_top_af,topounit_atmospheric_flux,this,0
init_top_af,integer,begt,0
init_top_af,integer,endt,0
clean_top_af,topounit_atmospheric_flux,this,0
clean_top_af,integer,begt,0
clean_top_af,integer,endt,0
init_acc_buffer_top_af,topounit_atmospheric_flux,this,0
init_acc_buffer_top_af,bounds_type,bounds,0
init_acc_vars_top_af,topounit_atmospheric_flux,this,0
init_acc_vars_top_af,bounds_type,bounds,0
update_acc_vars_top_af,topounit_atmospheric_flux,this,0
update_acc_vars_top_af,bounds_type,bounds,0
init_top_es,topounit_energy_state,this,0
init_top_es,integer,begt,0
init_top_es,integer,endt,0
restart_top_es,topounit_energy_state,this,0
restart_top_es,bounds_type,bounds,0
restart_top_es,file_desc_t,ncid,0
restart_top_es,character,flag,0
clean_top_es,topounit_energy_state,this,0
clean_top_es,integer,begt,0
clean_top_es,integer,endt,0
array_normalization_2d,integer,which_dim,0
array_normalization_2d,real,arr2d_inout,2
array_normalization_2d_filter,integer,lbj1,0
array_normalization_2d_filter,integer,ubj1,0
array_normalization_2d_filter,integer,lbj2,0
array_normalization_2d_filter,integer,ubj2,0
array_normalization_2d_filter,integer,numf,0
array_normalization_2d_filter,integer,filter,1
array_normalization_2d_filter,real,arr2d_inout,2
array_div_vector_filter,integer,lbj1,0
array_div_vector_filter,integer,ubj1,0
array_div_vector_filter,integer,lbj2,0
array_div_vector_filter,integer,ubj2,0
array_div_vector_filter,real,arr1d_in,1
array_div_vector_filter,integer,fn,0
array_div_vector_filter,integer,filter,1
array_div_vector_filter,real,arr2d_inout,2
array_div_vector_nofilter,real,arr1d_in,1
array_div_vector_nofilter,integer,which_dim,0
array_div_vector_nofilter,real,arr2d_inout,2
maxloc_,real,arr,0
matvec_acc,integer,start,0
matvec_acc,integer,end_,0
matvec_acc,real,res,1
matvec_acc,real,a,2
matvec_acc,real,x,1
allocparams,photo_params_type,this,0
readparams,photo_params_type,this,0
readparams,file_desc_t,ncid,0
photosynthesis,bounds_type,bounds,0
photosynthesis,integer,fn,0
photosynthesis,integer,filterp,1
photosynthesis,real,esat_tv,1
photosynthesis,real,eair,1
photosynthesis,real,oair,1
photosynthesis,real,cair,1
photosynthesis,real,rb,1
photosynthesis,real,btran,1
photosynthesis,real,dayl_factor,1
photosynthesis,atm2lnd_type,atm2lnd_vars,0
photosynthesis,surfalb_type,surfalb_vars,0
photosynthesis,solarabs_type,solarabs_vars,0
photosynthesis,canopystate_type,canopystate_vars,0
photosynthesis,photosyns_type,photosyns_vars,0
photosynthesis,character,phase,0
photosynthesistotal,integer,fn,0
photosynthesistotal,integer,filterp,1
photosynthesistotal,atm2lnd_type,atm2lnd_vars,0
photosynthesistotal,cnstate_type,cnstate_vars,0
photosynthesistotal,canopystate_type,canopystate_vars,0
photosynthesistotal,photosyns_type,photosyns_vars,0
fractionation,bounds_type,bounds,0
fractionation,integer,fn,0
fractionation,integer,filterp,1
fractionation,cnstate_type,cnstate_vars,0
fractionation,solarabs_type,solarabs_vars,0
fractionation,surfalb_type,surfalb_vars,0
fractionation,photosyns_type,photosyns_vars,0
fractionation,integer,phase,0
hybrid,real,x0,0
hybrid,integer,p,0
hybrid,integer,iv,0
hybrid,integer,c,0
hybrid,integer,t,0
hybrid,real,gb_mol,0
hybrid,real,je,0
hybrid,real,cair,0
hybrid,real,oair,0
hybrid,real,lmr_z,0
hybrid,real,par_z,0
hybrid,real,rh_can,0
hybrid,real,gs_mol,0
hybrid,integer,iter,0
hybrid,atm2lnd_type,atm2lnd_vars,0
hybrid,photosyns_type,photosyns_vars,0
brent,real,x,0
brent,real,x1,0
brent,real,x2,0
brent,real,f1,0
brent,real,f2,0
brent,real,tol,0
brent,integer,ip,0
brent,integer,iv,0
brent,integer,ic,0
brent,integer,it,0
brent,real,gb_mol,0
brent,real,je,0
brent,real,cair,0
brent,real,oair,0
brent,real,lmr_z,0
brent,real,par_z,0
brent,real,rh_can,0
brent,real,gs_mol,0
brent,atm2lnd_type,atm2lnd_vars,0
brent,photosyns_type,photosyns_vars,0
ft,real,tl,0
ft,real,ha,0
fth,real,tl,0
fth,real,hd,0
fth,real,se,0
fth,real,scalefactor,0
fth25,real,hd,0
fth25,real,se,0
ci_func,real,ci,0
ci_func,real,fval,0
ci_func,integer,p,0
ci_func,integer,iv,0
ci_func,integer,c,0
ci_func,integer,t,0
ci_func,real,gb_mol,0
ci_func,real,je,0
ci_func,real,cair,0
ci_func,real,oair,0
ci_func,real,lmr_z,0
ci_func,real,par_z,0
ci_func,real,rh_can,0
ci_func,real,gs_mol,0
ci_func,atm2lnd_type,atm2lnd_vars,0
ci_func,photosyns_type,photosyns_vars,0
photosynthesishydraulicstress,bounds_type,bounds,0
photosynthesishydraulicstress,integer,fn,0
photosynthesishydraulicstress,integer,filterp,1
photosynthesishydraulicstress,real,esat_tv,1
photosynthesishydraulicstress,real,eair,1
photosynthesishydraulicstress,real,oair,1
photosynthesishydraulicstress,real,cair,1
photosynthesishydraulicstress,real,rb,1
photosynthesishydraulicstress,real,bsun,1
photosynthesishydraulicstress,real,bsha,1
photosynthesishydraulicstress,real,btran,1
photosynthesishydraulicstress,real,dayl_factor,1
photosynthesishydraulicstress,real,qsatl,1
photosynthesishydraulicstress,real,qaf,1
photosynthesishydraulicstress,atm2lnd_type,atm2lnd_inst,0
photosynthesishydraulicstress,soilstate_type,soilstate_inst,0
photosynthesishydraulicstress,surfalb_type,surfalb_inst,0
photosynthesishydraulicstress,solarabs_type,solarabs_inst,0
photosynthesishydraulicstress,canopystate_type,canopystate_inst,0
photosynthesishydraulicstress,photosyns_type,photosyns_inst,0
hybrid_phs,real,x0sun,0
hybrid_phs,real,x0sha,0
hybrid_phs,integer,p,0
hybrid_phs,integer,iv,0
hybrid_phs,integer,c,0
hybrid_phs,integer,t,0
hybrid_phs,real,gb_mol,0
hybrid_phs,real,bsun,0
hybrid_phs,real,bsha,0
hybrid_phs,real,jesun,0
hybrid_phs,real,jesha,0
hybrid_phs,real,cair,0
hybrid_phs,real,oair,0
hybrid_phs,real,lmr_z_sun,0
hybrid_phs,real,lmr_z_sha,0
hybrid_phs,real,par_z_sun,0
hybrid_phs,real,par_z_sha,0
hybrid_phs,real,rh_can,0
hybrid_phs,real,gs_mol_sun,0
hybrid_phs,real,gs_mol_sha,0
hybrid_phs,real,qsatl,0
hybrid_phs,real,qaf,0
hybrid_phs,integer,iter1,0
hybrid_phs,integer,iter2,0
hybrid_phs,atm2lnd_type,atm2lnd_inst,0
hybrid_phs,photosyns_type,photosyns_inst,0
hybrid_phs,canopystate_type,canopystate_inst,0
hybrid_phs,soilstate_type,soilstate_inst,0
brent_phs,real,xsun,0
brent_phs,real,x1sun,0
brent_phs,real,x2sun,0
brent_phs,real,f1sun,0
brent_phs,real,f2sun,0
brent_phs,real,xsha,0
brent_phs,real,x1sha,0
brent_phs,real,x2sha,0
brent_phs,real,f1sha,0
brent_phs,real,f2sha,0
brent_phs,real,tol,0
brent_phs,integer,ip,0
brent_phs,integer,iv,0
brent_phs,integer,ic,0
brent_phs,integer,it,0
brent_phs,real,gb_mol,0
brent_phs,real,jesun,0
brent_phs,real,jesha,0
brent_phs,real,cair,0
brent_phs,real,oair,0
brent_phs,real,lmr_z_sun,0
brent_phs,real,lmr_z_sha,0
brent_phs,real,par_z_sun,0
brent_phs,real,par_z_sha,0
brent_phs,real,rh_can,0
brent_phs,real,gs_mol_sun,0
brent_phs,real,gs_mol_sha,0
brent_phs,real,bsun,0
brent_phs,real,bsha,0
brent_phs,real,qsatl,0
brent_phs,real,qaf,0
brent_phs,atm2lnd_type,atm2lnd_inst,0
brent_phs,photosyns_type,photosyns_inst,0
brent_phs,canopystate_type,canopystate_inst,0
brent_phs,soilstate_type,soilstate_inst,0
ci_func_phs,real,x,1
ci_func_phs,real,cisun,0
ci_func_phs,real,cisha,0
ci_func_phs,real,fvalsun,0
ci_func_phs,real,fvalsha,0
ci_func_phs,integer,p,0
ci_func_phs,integer,iv,0
ci_func_phs,integer,c,0
ci_func_phs,integer,t,0
ci_func_phs,real,bsun,0
ci_func_phs,real,bsha,0
ci_func_phs,logical,bflag,0
ci_func_phs,real,gb_mol,0
ci_func_phs,real,gs0sun,0
ci_func_phs,real,gs0sha,0
ci_func_phs,real,gs_mol_sun,0
ci_func_phs,real,gs_mol_sha,0
ci_func_phs,real,jesun,0
ci_func_phs,real,jesha,0
ci_func_phs,real,cair,0
ci_func_phs,real,oair,0
ci_func_phs,real,lmr_z_sun,0
ci_func_phs,real,lmr_z_sha,0
ci_func_phs,real,par_z_sun,0
ci_func_phs,real,par_z_sha,0
ci_func_phs,real,rh_can,0
ci_func_phs,real,qsatl,0
ci_func_phs,real,qaf,0
ci_func_phs,atm2lnd_type,atm2lnd_inst,0
ci_func_phs,photosyns_type,photosyns_inst,0
ci_func_phs,canopystate_type,canopystate_inst,0
ci_func_phs,soilstate_type,soilstate_inst,0
calcstress,integer,p,0
calcstress,integer,c,0
calcstress,integer,t,0
calcstress,real,x,1
calcstress,real,bsun,0
calcstress,real,bsha,0
calcstress,real,gb_mol,0
calcstress,real,gs_mol_sun,0
calcstress,real,gs_mol_sha,0
calcstress,real,qsatl,0
calcstress,real,qaf,0
calcstress,atm2lnd_type,atm2lnd_inst,0
calcstress,canopystate_type,canopystate_inst,0
calcstress,soilstate_type,soilstate_inst,0
spaca,integer,p,0
spaca,integer,c,0
spaca,real,x,1
spaca,real,inva,2
spaca,real,qflx_sun,0
spaca,real,qflx_sha,0
spaca,logical,flag,0
spaca,atm2lnd_type,atm2lnd_inst,0
spaca,canopystate_type,canopystate_inst,0
spaca,soilstate_type,soilstate_inst,0
spacf,integer,p,0
spacf,integer,c,0
spacf,real,x,1
spacf,real,f,1
spacf,real,qflx_sun,0
spacf,real,qflx_sha,0
spacf,atm2lnd_type,atm2lnd_inst,0
spacf,canopystate_type,canopystate_inst,0
spacf,soilstate_type,soilstate_inst,0
getvegwp,integer,p,0
getvegwp,integer,c,0
getvegwp,integer,t,0
getvegwp,real,x,1
getvegwp,real,gb_mol,0
getvegwp,real,gs_mol_sun,0
getvegwp,real,gs_mol_sha,0
getvegwp,real,qsatl,0
getvegwp,real,qaf,0
getvegwp,real,soilflux,0
getvegwp,atm2lnd_type,atm2lnd_inst,0
getvegwp,canopystate_type,canopystate_inst,0
getvegwp,soilstate_type,soilstate_inst,0
getqflx,integer,p,0
getqflx,integer,c,0
getqflx,integer,t,0
getqflx,real,gb_mol,0
getqflx,real,gs_mol_sun,0
getqflx,real,gs_mol_sha,0
getqflx,real,qflx_sun,0
getqflx,real,qflx_sha,0
getqflx,real,qsatl,0
getqflx,real,qaf,0
getqflx,logical,havegs,0
getqflx,atm2lnd_type,atm2lnd_inst,0
getqflx,canopystate_type,canopystate_inst,0
plc,real,x,0
plc,integer,p,0
plc,integer,c,0
plc,integer,level,0
plc,integer,plc_method,0
d1plc,real,x,0
d1plc,integer,p,0
d1plc,integer,c,0
d1plc,integer,level,0
d1plc,integer,plc_method,0
annual_flux_dribbler_gridcell,bounds_type,bounds,0
annual_flux_dribbler_gridcell,character,name,0
annual_flux_dribbler_gridcell,character,units,0
annual_flux_dribbler_gridcell,logical,allows_non_annual_delta,0
annual_flux_dribbler_patch,bounds_type,bounds,0
annual_flux_dribbler_patch,character,name,0
annual_flux_dribbler_patch,character,units,0
annual_flux_dribbler_patch,logical,allows_non_annual_delta,0
set_curr_delta,annual_flux_dribbler_type,this,0
set_curr_delta,bounds_type,bounds,0
set_curr_delta,real,delta,2
get_curr_flux,annual_flux_dribbler_type,this,0
get_curr_flux,bounds_type,bounds,0
get_curr_flux,real,flux,2
get_dribbled_delta,annual_flux_dribbler_type,this,0
get_dribbled_delta,bounds_type,bounds,0
get_dribbled_delta,real,delta,2
get_amount_left_to_dribble_beg,annual_flux_dribbler_type,this,0
get_amount_left_to_dribble_beg,bounds_type,bounds,0
get_amount_left_to_dribble_beg,real,amount_left_to_dribble,2
get_amount_left_to_dribble_end,annual_flux_dribbler_type,this,0
get_amount_left_to_dribble_end,bounds_type,bounds,0
get_amount_left_to_dribble_end,real,amount_left_to_dribble,2
clean,annual_flux_dribbler_type,this,0
allocate_and_initialize_data,annual_flux_dribbler_type,this,0
allocate_and_initialize_data,bounds_type,bounds,0
set_metadata,annual_flux_dribbler_type,this,0
set_metadata,character,name,0
set_metadata,character,units,0
set_metadata,logical,allows_non_annual_delta,0
get_amount_left_to_dribble,annual_flux_dribbler_type,this,0
get_amount_left_to_dribble,bounds_type,bounds,0
get_amount_left_to_dribble,real,yearfrac,0
get_amount_left_to_dribble,real,amount_left_to_dribble,2
set_perchroot_opt,logical,perchroot_global,0
set_perchroot_opt,logical,perchroot_alt_global,0
calc_effective_soilporosity,bounds_type,bounds,0
calc_effective_soilporosity,integer,ubj,0
calc_effective_soilporosity,integer,numf,0
calc_effective_soilporosity,integer,filter,1
calc_effective_soilporosity,real,watsat,2
calc_effective_soilporosity,real,h2osoi_ice,2
calc_effective_soilporosity,real,denice,0
calc_effective_soilporosity,real,eff_por,2
calc_effective_snowporosity,bounds_type,bounds,0
calc_effective_snowporosity,integer,lbj,0
calc_effective_snowporosity,integer,jtop,1
calc_effective_snowporosity,integer,numf,0
calc_effective_snowporosity,integer,filter,1
calc_effective_snowporosity,real,h2osoi_ice,2
calc_effective_snowporosity,real,denice,0
calc_effective_snowporosity,real,eff_por,2
calc_volumetric_h2oliq,bounds_type,bounds,0
calc_volumetric_h2oliq,integer,jtop,1
calc_volumetric_h2oliq,integer,lbj,0
calc_volumetric_h2oliq,integer,ubj,0
calc_volumetric_h2oliq,integer,numf,0
calc_volumetric_h2oliq,integer,filter,1
calc_volumetric_h2oliq,real,eff_porosity,2
calc_volumetric_h2oliq,real,h2osoi_liq,2
calc_volumetric_h2oliq,real,denh2o,0
calc_volumetric_h2oliq,real,vol_liq,2
normalize_unfrozen_rootfr,bounds_type,bounds,0
normalize_unfrozen_rootfr,integer,ubj,0
normalize_unfrozen_rootfr,integer,fn,0
normalize_unfrozen_rootfr,integer,filterp,1
normalize_unfrozen_rootfr,canopystate_type,canopystate_vars,0
normalize_unfrozen_rootfr,soilstate_type,soilstate_vars,0
normalize_unfrozen_rootfr,real,rootfr_unf,2
calc_root_moist_stress_clm45default,bounds_type,bounds,0
calc_root_moist_stress_clm45default,integer,nlevgrnd,0
calc_root_moist_stress_clm45default,integer,fn,0
calc_root_moist_stress_clm45default,integer,filterp,1
calc_root_moist_stress_clm45default,real,rootfr_unf,2
calc_root_moist_stress_clm45default,soilstate_type,soilstate_vars,0
calc_root_moist_stress_clm45default,energyflux_type,energyflux_vars,0
calc_root_moist_stress,bounds_type,bounds,0
calc_root_moist_stress,integer,nlevgrnd,0
calc_root_moist_stress,integer,fn,0
calc_root_moist_stress,integer,filterp,1
calc_root_moist_stress,canopystate_type,canopystate_vars,0
calc_root_moist_stress,energyflux_type,energyflux_vars,0
calc_root_moist_stress,soilstate_type,soilstate_vars,0
calc_soilevap_stress,bounds_type,bounds,0
calc_soilevap_stress,integer,num_nolakec,0
calc_soilevap_stress,integer,filter_nolakec,1
calc_soilevap_stress,soilstate_type,soilstate_vars,0
calc_beta_leepielke1992,bounds_type,bounds,0
calc_beta_leepielke1992,integer,num_nolakec,0
calc_beta_leepielke1992,integer,filter_nolakec,1
calc_beta_leepielke1992,soilstate_type,soilstate_vars,0
calc_beta_leepielke1992,real,soilbeta,1
do_soilevap_beta,logical,lres,0
getlblcef,real,rho,0
getlblcef,real,temp,0
shr_spfn_erf_r4,real,x,0
shr_spfn_erf_r8,real,x,0
shr_spfn_erfc_r4,real,x,0
shr_spfn_erfc_r8,real,x,0
shr_spfn_erfc_scaled_r4,real,x,0
shr_spfn_erfc_scaled_r8,real,x,0
shr_spfn_gamma_r8,real,x,0
calerf_r8,real,arg,0
calerf_r8,real,result,0
calerf_r8,integer,jint,0
calerf_r4,real,arg,0
calerf_r4,real,result,0
calerf_r4,integer,jint,0
shr_spfn_gamma_nonintrinsic_r8,real,x,0
shr_spfn_igamma,real,a,0
shr_spfn_igamma,real,x,0
initsoilparvic,integer,c,0
initsoilparvic,real,claycol,2
initsoilparvic,real,sandcol,2
initsoilparvic,real,om_fraccol,2
initsoilparvic,soilhydrology_type,soilhydrology_vars,0
initelmvicmap,integer,c,0
initelmvicmap,soilhydrology_type,soilhydrology_vars,0
linear_interp,real,x,0
linear_interp,real,y,0
linear_interp,real,x0,0
linear_interp,real,x1,0
linear_interp,real,y0,0
linear_interp,real,y1,0
tridiagonal_sr,bounds_type,bounds,0
tridiagonal_sr,integer,lbj,0
tridiagonal_sr,integer,ubj,0
tridiagonal_sr,integer,jtop,1
tridiagonal_sr,integer,numf,0
tridiagonal_sr,integer,filter,1
tridiagonal_sr,real,a,2
tridiagonal_sr,real,b,2
tridiagonal_sr,real,c,2
tridiagonal_sr,real,r,2
tridiagonal_sr,real,u,2
tridiagonal_sr,logical,is_col_active,1
tridiagonal_mr,bounds_type,bounds,0
tridiagonal_mr,integer,lbj,0
tridiagonal_mr,integer,ubj,0
tridiagonal_mr,integer,jtop,1
tridiagonal_mr,integer,numf,0
tridiagonal_mr,integer,filter,1
tridiagonal_mr,integer,ntrcs,0
tridiagonal_mr,real,a,2
tridiagonal_mr,real,b,2
tridiagonal_mr,real,c,2
tridiagonal_mr,real,r,3
tridiagonal_mr,real,u,3
tridiagonal_mr,logical,is_col_active,1
trisim,bounds_type,bounds,0
trisim,integer,lbj,0
trisim,integer,ubj,0
trisim,integer,numf,0
trisim,integer,filter,1
trisim,real,a1,2
trisim,real,b1,2
trisim,real,c1,2
trisim,real,d1,2
trisim,real,e1,2
trisim,real,a2,2
trisim,real,b2,2
trisim,real,c2,2
trisim,real,d2,2
trisim,real,e2,2
trisim,real,w1,2
trisim,real,w2,2
tridiagonal_sr_with_var_bottom,bounds_type,bounds,0
tridiagonal_sr_with_var_bottom,integer,lbj,0
tridiagonal_sr_with_var_bottom,integer,ubj,0
tridiagonal_sr_with_var_bottom,integer,jtop,1
tridiagonal_sr_with_var_bottom,integer,jbot,1
tridiagonal_sr_with_var_bottom,integer,numf,0
tridiagonal_sr_with_var_bottom,integer,filter,1
tridiagonal_sr_with_var_bottom,real,a,2
tridiagonal_sr_with_var_bottom,real,b,2
tridiagonal_sr_with_var_bottom,real,c,2
tridiagonal_sr_with_var_bottom,real,r,2
tridiagonal_sr_with_var_bottom,real,u,2
tridiagonal_sr_with_var_bottom,logical,is_col_active,1
readch4params,file_desc_t,ncid,0
ch4,bounds_type,bounds,0
ch4,integer,num_soilc,0
ch4,integer,filter_soilc,1
ch4,integer,num_lakec,0
ch4,integer,filter_lakec,1
ch4,integer,num_soilp,0
ch4,integer,filter_soilp,1
ch4,atm2lnd_type,atm2lnd_vars,0
ch4,lakestate_type,lakestate_vars,0
ch4,canopystate_type,canopystate_vars,0
ch4,soilstate_type,soilstate_vars,0
ch4,soilhydrology_type,soilhydrology_vars,0
ch4,energyflux_type,energyflux_vars,0
ch4,ch4_type,ch4_vars,0
ch4,lnd2atm_type,lnd2atm_vars,0
ch4,hlm_fates_interface_type,elm_fates,0
ch4_prod,bounds_type,bounds,0
ch4_prod,integer,num_methc,0
ch4_prod,integer,filter_methc,1
ch4_prod,integer,num_methp,0
ch4_prod,integer,filter_methp,1
ch4_prod,integer,jwt,1
ch4_prod,integer,sat,0
ch4_prod,logical,lake,0
ch4_prod,soilstate_type,soilstate_vars,0
ch4_prod,ch4_type,ch4_vars,0
ch4_prod,real,dtime,0
ch4_prod,hlm_fates_interface_type,elm_fates,0
ch4_oxid,bounds_type,bounds,0
ch4_oxid,integer,num_methc,0
ch4_oxid,integer,filter_methc,1
ch4_oxid,integer,jwt,1
ch4_oxid,integer,sat,0
ch4_oxid,logical,lake,0
ch4_oxid,soilstate_type,soilstate_vars,0
ch4_oxid,ch4_type,ch4_vars,0
ch4_oxid,real,dtime,0
ch4_aere,bounds_type,bounds,0
ch4_aere,integer,num_methc,0
ch4_aere,integer,filter_methc,1
ch4_aere,integer,num_methp,0
ch4_aere,integer,filter_methp,1
ch4_aere,integer,jwt,1
ch4_aere,integer,sat,0
ch4_aere,logical,lake,0
ch4_aere,canopystate_type,canopystate_vars,0
ch4_aere,soilstate_type,soilstate_vars,0
ch4_aere,energyflux_type,energyflux_vars,0
ch4_aere,ch4_type,ch4_vars,0
ch4_aere,real,dtime,0
ch4_aere,hlm_fates_interface_type,elm_fates,0
siteoxaere,logical,is_vegetated,0
siteoxaere,real,watsat,1
siteoxaere,real,h2osoi_vol,1
siteoxaere,real,t_soisno,1
siteoxaere,real,conc_ch4,1
siteoxaere,real,rootr,1
siteoxaere,real,qflx_tran_veg,0
siteoxaere,integer,jwt,0
siteoxaere,real,annsum_npp,0
siteoxaere,real,annavg_agnpp,0
siteoxaere,real,annavg_bgnpp,0
siteoxaere,real,elai,0
siteoxaere,real,frootc,0
siteoxaere,real,poros_tiller,0
siteoxaere,real,rootfr,1
siteoxaere,real,grnd_ch4_cond,0
siteoxaere,real,conc_o2,1
siteoxaere,real,c_atm,1
siteoxaere,real,z,1
siteoxaere,real,dz,1
siteoxaere,integer,sat,0
siteoxaere,real,tranloss,1
siteoxaere,real,aere,1
siteoxaere,real,oxaere,1
ch4_ebul,bounds_type,bounds,0
ch4_ebul,integer,num_methc,0
ch4_ebul,integer,filter_methc,1
ch4_ebul,integer,jwt,1
ch4_ebul,integer,sat,0
ch4_ebul,logical,lake,0
ch4_ebul,atm2lnd_type,atm2lnd_vars,0
ch4_ebul,lakestate_type,lakestate_vars,0
ch4_ebul,soilstate_type,soilstate_vars,0
ch4_ebul,ch4_type,ch4_vars,0
ch4_ebul,real,dtime,0
ch4_tran,bounds_type,bounds,0
ch4_tran,integer,num_methc,0
ch4_tran,integer,filter_methc,1
ch4_tran,integer,jwt,1
ch4_tran,real,dtime_ch4,0
ch4_tran,integer,sat,0
ch4_tran,logical,lake,0
ch4_tran,soilstate_type,soilstate_vars,0
ch4_tran,energyflux_type,energyflux_vars,0
ch4_tran,ch4_type,ch4_vars,0
ch4_tran,real,dtime,0
get_jwt,bounds_type,bounds,0
get_jwt,integer,num_methc,0
get_jwt,integer,filter_methc,1
get_jwt,integer,jwt,1
get_jwt,soilstate_type,soilstate_vars,0
ch4_annualupdate,bounds_type,bounds,0
ch4_annualupdate,integer,num_methc,0
ch4_annualupdate,integer,filter_methc,1
ch4_annualupdate,integer,num_methp,0
ch4_annualupdate,integer,filter_methp,1
ch4_annualupdate,ch4_type,ch4_vars,0
ch4_annualupdate,real,dt,0
ch4_annualupdate,real,dayspyr,0
wiso_kmol,integer,isp,0
wiso_kmol,real,rbot,0
wiso_kmol,real,zbot,0
wiso_kmol,real,ustar,0
wiso_kmol,real,alpkn,0
wiso_kmolv10,integer,isp,0
wiso_kmolv10,real,ustar,0
wiso_kmolv10,real,alpkn,0
wiso_alpl,integer,isp,0
wiso_alpl,real,tk,0
wiso_alpi,integer,isp,0
wiso_alpi,real,tk,0
wiso_akel,integer,isp,0
wiso_akel,real,tk,0
wiso_akel,real,hum0,0
wiso_akel,real,alpeq,0
wiso_akci,integer,isp,0
wiso_akci,real,tk,0
wiso_akci,real,alpeq,0
wiso_get_roce,integer,isp,0
wiso_flxoce,integer,iso,0
wiso_flxoce,real,rbot,0
wiso_flxoce,real,zbot,0
wiso_flxoce,real,wtbot,0
wiso_flxoce,real,ts,0
wiso_flxoce,real,rocn,0
wiso_flxoce,real,ustar,0
wiso_flxoce,real,re,0
wiso_flxoce,real,ssq,0
wiso_flxoce,real,qflx,0
wiso_flxoce,real,qbot,0
wiso_flxoce,real,qe,0
wiso_heff,real,h0,0
wiso_ssatf,real,tk,0
wiso_get_rstd,integer,isp,0
wiso_get_fisub,integer,isp,0
wiso_get_ispec,character,name,0
wiso_ratio,integer,isp,0
wiso_ratio,real,qiso,0
wiso_ratio,real,qtot,0
wiso_delta,integer,isp,0
wiso_delta,real,qiso,0
wiso_delta,real,qtot,0
shr_flux_adjust_constants,real,zvir,0
shr_flux_adjust_constants,real,cpair,0
shr_flux_adjust_constants,real,cpvir,0
shr_flux_adjust_constants,real,karman,0
shr_flux_adjust_constants,real,gravit,0
shr_flux_adjust_constants,real,latvap,0
shr_flux_adjust_constants,real,latice,0
shr_flux_adjust_constants,real,stebol,0
shr_flux_adjust_constants,real,flux_convergence_tolerance,0
shr_flux_adjust_constants,integer,flux_convergence_max_iteration,0
shr_flux_adjust_constants,logical,coldair_outbreak_mod,0
shr_flux_atmocn,integer,nmax,0
shr_flux_atmocn,real,zbot,1
shr_flux_atmocn,real,ubot,1
shr_flux_atmocn,real,vbot,1
shr_flux_atmocn,real,thbot,1
shr_flux_atmocn,real,qbot,1
shr_flux_atmocn,real,s16o,1
shr_flux_atmocn,real,shdo,1
shr_flux_atmocn,real,s18o,1
shr_flux_atmocn,real,rbot,1
shr_flux_atmocn,real,tbot,1
shr_flux_atmocn,real,us,1
shr_flux_atmocn,real,vs,1
shr_flux_atmocn,real,ts,1
shr_flux_atmocn,integer,mask,1
shr_flux_atmocn,real,seq_flux_atmocn_minwind,0
shr_flux_atmocn,real,sen,1
shr_flux_atmocn,real,lat,1
shr_flux_atmocn,real,lwup,1
shr_flux_atmocn,real,r16o,1
shr_flux_atmocn,real,rhdo,1
shr_flux_atmocn,real,r18o,1
shr_flux_atmocn,real,evap,1
shr_flux_atmocn,real,evap_16o,1
shr_flux_atmocn,real,evap_hdo,1
shr_flux_atmocn,real,evap_18o,1
shr_flux_atmocn,real,taux,1
shr_flux_atmocn,real,tauy,1
shr_flux_atmocn,real,tref,1
shr_flux_atmocn,real,qref,1
shr_flux_atmocn,integer,ocn_surface_flux_scheme,0
shr_flux_atmocn,real,duu10n,1
shr_flux_atmocn,real,u10res,1
shr_flux_atmocn,real,ustar_sv,1
shr_flux_atmocn,real,re_sv,1
shr_flux_atmocn,real,ssq_sv,1
shr_flux_atmocn,real,missval,0
shr_flux_atmocn,real,wsresp,1
shr_flux_atmocn,real,tau_est,1
shr_flux_atmocn,real,ugust,1
shr_flux_atmocn_ua,integer,nmax,0
shr_flux_atmocn_ua,real,zbot,1
shr_flux_atmocn_ua,real,ubot,1
shr_flux_atmocn_ua,real,vbot,1
shr_flux_atmocn_ua,real,thbot,1
shr_flux_atmocn_ua,real,qbot,1
shr_flux_atmocn_ua,real,s16o,1
shr_flux_atmocn_ua,real,shdo,1
shr_flux_atmocn_ua,real,s18o,1
shr_flux_atmocn_ua,real,rbot,1
shr_flux_atmocn_ua,real,tbot,1
shr_flux_atmocn_ua,real,pslv,1
shr_flux_atmocn_ua,real,us,1
shr_flux_atmocn_ua,real,vs,1
shr_flux_atmocn_ua,real,ts,1
shr_flux_atmocn_ua,integer,mask,1
shr_flux_atmocn_ua,real,sen,1
shr_flux_atmocn_ua,real,lat,1
shr_flux_atmocn_ua,real,lwup,1
shr_flux_atmocn_ua,real,r16o,1
shr_flux_atmocn_ua,real,rhdo,1
shr_flux_atmocn_ua,real,r18o,1
shr_flux_atmocn_ua,real,evap,1
shr_flux_atmocn_ua,real,evap_16o,1
shr_flux_atmocn_ua,real,evap_hdo,1
shr_flux_atmocn_ua,real,evap_18o,1
shr_flux_atmocn_ua,real,taux,1
shr_flux_atmocn_ua,real,tauy,1
shr_flux_atmocn_ua,real,tref,1
shr_flux_atmocn_ua,real,qref,1
shr_flux_atmocn_ua,real,duu10n,1
shr_flux_atmocn_ua,real,ustar_sv,1
shr_flux_atmocn_ua,real,re_sv,1
shr_flux_atmocn_ua,real,ssq_sv,1
shr_flux_atmocn_ua,real,missval,0
shr_flux_atmocn_ua,real,wsresp,1
shr_flux_atmocn_ua,real,tau_est,1
psi_ua,integer,k,0
psi_ua,real,zeta,0
qsat_ua,real,t,0
qsat_ua,real,p,0
qsat_ua,real,loc_epsilon,0
rough_ua,real,zo,0
rough_ua,real,zot,0
rough_ua,real,zoq,0
rough_ua,real,ustar,0
rough_ua,real,visa,0
cuberoot,real,a,0
shr_flux_atmocn_diurnal,integer,nmax,0
shr_flux_atmocn_diurnal,real,zbot,1
shr_flux_atmocn_diurnal,real,ubot,1
shr_flux_atmocn_diurnal,real,vbot,1
shr_flux_atmocn_diurnal,real,thbot,1
shr_flux_atmocn_diurnal,real,qbot,1
shr_flux_atmocn_diurnal,real,s16o,1
shr_flux_atmocn_diurnal,real,shdo,1
shr_flux_atmocn_diurnal,real,s18o,1
shr_flux_atmocn_diurnal,real,rbot,1
shr_flux_atmocn_diurnal,real,tbot,1
shr_flux_atmocn_diurnal,real,us,1
shr_flux_atmocn_diurnal,real,vs,1
shr_flux_atmocn_diurnal,real,ts,1
shr_flux_atmocn_diurnal,integer,mask,1
shr_flux_atmocn_diurnal,real,seq_flux_atmocn_minwind,0
shr_flux_atmocn_diurnal,real,sen,1
shr_flux_atmocn_diurnal,real,lat,1
shr_flux_atmocn_diurnal,real,lwup,1
shr_flux_atmocn_diurnal,real,r16o,1
shr_flux_atmocn_diurnal,real,rhdo,1
shr_flux_atmocn_diurnal,real,r18o,1
shr_flux_atmocn_diurnal,real,evap,1
shr_flux_atmocn_diurnal,real,evap_16o,1
shr_flux_atmocn_diurnal,real,evap_hdo,1
shr_flux_atmocn_diurnal,real,evap_18o,1
shr_flux_atmocn_diurnal,real,taux,1
shr_flux_atmocn_diurnal,real,tauy,1
shr_flux_atmocn_diurnal,real,tref,1
shr_flux_atmocn_diurnal,real,qref,1
shr_flux_atmocn_diurnal,real,ugust,1
shr_flux_atmocn_diurnal,real,lwdn,1
shr_flux_atmocn_diurnal,real,swdn,1
shr_flux_atmocn_diurnal,real,swup,1
shr_flux_atmocn_diurnal,real,prec,1
shr_flux_atmocn_diurnal,real,swpen,1
shr_flux_atmocn_diurnal,real,ocnsal,1
shr_flux_atmocn_diurnal,logical,ocn_prognostic,0
shr_flux_atmocn_diurnal,logical,flux_diurnal,0
shr_flux_atmocn_diurnal,integer,ocn_surface_flux_scheme,0
shr_flux_atmocn_diurnal,real,latt,1
shr_flux_atmocn_diurnal,real,long,1
shr_flux_atmocn_diurnal,real,warm,1
shr_flux_atmocn_diurnal,real,salt,1
shr_flux_atmocn_diurnal,real,speed,1
shr_flux_atmocn_diurnal,real,regime,1
shr_flux_atmocn_diurnal,real,warmmax,1
shr_flux_atmocn_diurnal,real,windmax,1
shr_flux_atmocn_diurnal,real,qsolavg,1
shr_flux_atmocn_diurnal,real,windavg,1
shr_flux_atmocn_diurnal,real,warmmaxinc,1
shr_flux_atmocn_diurnal,real,windmaxinc,1
shr_flux_atmocn_diurnal,real,qsolinc,1
shr_flux_atmocn_diurnal,real,windinc,1
shr_flux_atmocn_diurnal,real,ninc,1
shr_flux_atmocn_diurnal,real,tbulk,1
shr_flux_atmocn_diurnal,real,tskin,1
shr_flux_atmocn_diurnal,real,tskin_day,1
shr_flux_atmocn_diurnal,real,tskin_night,1
shr_flux_atmocn_diurnal,real,cskin,1
shr_flux_atmocn_diurnal,real,cskin_night,1
shr_flux_atmocn_diurnal,integer,secs,0
shr_flux_atmocn_diurnal,integer,dt,0
shr_flux_atmocn_diurnal,real,duu10n,1
shr_flux_atmocn_diurnal,real,ustar_sv,1
shr_flux_atmocn_diurnal,real,re_sv,1
shr_flux_atmocn_diurnal,real,ssq_sv,1
shr_flux_atmocn_diurnal,real,missval,0
shr_flux_atmocn_diurnal,logical,cold_start,0
shr_flux_atmocn_diurnal,real,wsresp,1
shr_flux_atmocn_diurnal,real,tau_est,1
shr_flux_atmice,integer,mask,1
shr_flux_atmice,real,zbot,1
shr_flux_atmice,real,ubot,1
shr_flux_atmice,real,vbot,1
shr_flux_atmice,real,thbot,1
shr_flux_atmice,real,qbot,1
shr_flux_atmice,real,rbot,1
shr_flux_atmice,real,tbot,1
shr_flux_atmice,real,ts,1
shr_flux_atmice,real,sen,1
shr_flux_atmice,real,lat,1
shr_flux_atmice,real,lwup,1
shr_flux_atmice,real,evap,1
shr_flux_atmice,real,taux,1
shr_flux_atmice,real,tauy,1
shr_flux_atmice,real,tref,1
shr_flux_atmice,real,qref,1
shr_flux_mostability,integer,option,0
shr_flux_mostability,real,arg1,0
shr_flux_mostability,real,arg2,0
shr_flux_mostability,real,arg3,0
shr_flux_mostability,real,arg4,0
shr_flux_mostability,real,arg5,0
shr_flux_update_stress,real,wind0,0
shr_flux_update_stress,real,wsresp,0
shr_flux_update_stress,real,tau_est,0
shr_flux_update_stress,real,tau,0
shr_flux_update_stress,real,prev_tau,0
shr_flux_update_stress,real,tau_diff,0
shr_flux_update_stress,real,prev_tau_diff,0
shr_flux_update_stress,real,wind_adj,0
cor30a,real,ubt,0
cor30a,real,vbt,0
cor30a,real,tbt,0
cor30a,real,qbt,0
cor30a,real,rbt,0
cor30a,real,uss,0
cor30a,real,vss,0
cor30a,real,tss,0
cor30a,real,qss,0
cor30a,real,zbl,0
cor30a,real,zbu,0
cor30a,real,zbt,0
cor30a,real,zrfu,0
cor30a,real,zrfq,0
cor30a,real,zrft,0
cor30a,real,tau,0
cor30a,real,hsb,0
cor30a,real,hlb,0
cor30a,real,zo,0
cor30a,real,zot,0
cor30a,real,zoq,0
cor30a,real,l,0
cor30a,real,usr,0
cor30a,real,tsr,0
cor30a,real,qsr,0
cor30a,real,cd,0
cor30a,real,ch,0
cor30a,real,ce,0
cor30a,real,trf,0
cor30a,real,qrf,0
cor30a,real,urf,0
cor30a,real,vrf,0
cor30a,real,wsresp,0
cor30a,real,tau_est,0
psiuo,real,zet,0
psit_30,real,zet,0
qsat,real,t,0
qsat,real,p,0
qsat,real,es,0
qsat,real,esdt,0
qsat,real,qs,0
qsat,real,qsdt,0
rhosat,real,t,0
rhosat,real,rho,0
rhosat,real,rhodt,0
frictionvelocity,integer,lbn,0
frictionvelocity,integer,ubn,0
frictionvelocity,integer,fn,0
frictionvelocity,integer,filtern,1
frictionvelocity,real,displa,1
frictionvelocity,real,z0m,1
frictionvelocity,real,z0h,1
frictionvelocity,real,z0q,1
frictionvelocity,real,obu,1
frictionvelocity,integer,iter,0
frictionvelocity,real,ur,1
frictionvelocity,real,um,1
frictionvelocity,real,ugust,1
frictionvelocity,real,ustar,1
frictionvelocity,real,temp1,1
frictionvelocity,real,temp2,1
frictionvelocity,real,temp12m,1
frictionvelocity,real,temp22m,1
frictionvelocity,real,fm,1
frictionvelocity,frictionvel_type,frictionvel_vars,0
frictionvelocity,logical,landunit_index,0
stabilityfunc1,real,zeta,0
stabilityfunc2,real,zeta,0
moninobukini,real,ur,0
moninobukini,real,thv,0
moninobukini,real,dthv,0
moninobukini,real,zldis,0
moninobukini,real,z0m,0
moninobukini,real,um,0
moninobukini,real,obu,0
soil_hk_interface,soil_water_retention_curve_type,this,0
soil_hk_interface,real,hksat,0
soil_hk_interface,real,imped,0
soil_hk_interface,real,s,0
soil_hk_interface,real,bsw,0
soil_hk_interface,real,hk,0
soil_hk_interface,real,dhkds,0
soil_suction_interface,soil_water_retention_curve_type,this,0
soil_suction_interface,real,smpsat,0
soil_suction_interface,real,s,0
soil_suction_interface,real,bsw,0
soil_suction_interface,real,smp,0
soil_suction_interface,real,dsmpds,0
soil_suction_inverse_interface,soil_water_retention_curve_type,this,0
soil_suction_inverse_interface,real,smp_target,0
soil_suction_inverse_interface,real,smpsat,0
soil_suction_inverse_interface,real,bsw,0
soil_suction_inverse_interface,real,s_target,0
canopyfluxes,bounds_type,bounds,0
canopyfluxes,integer,num_nolakeurbanp,0
canopyfluxes,integer,filter_nolakeurbanp,1
canopyfluxes,atm2lnd_type,atm2lnd_vars,0
canopyfluxes,canopystate_type,canopystate_vars,0
canopyfluxes,cnstate_type,cnstate_vars,0
canopyfluxes,energyflux_type,energyflux_vars,0
canopyfluxes,frictionvel_type,frictionvel_vars,0
canopyfluxes,soilstate_type,soilstate_vars,0
canopyfluxes,solarabs_type,solarabs_vars,0
canopyfluxes,surfalb_type,surfalb_vars,0
canopyfluxes,ch4_type,ch4_vars,0
canopyfluxes,photosyns_type,photosyns_vars,0
lakefluxes,bounds_type,bounds,0
lakefluxes,integer,num_lakec,0
lakefluxes,integer,filter_lakec,1
lakefluxes,integer,num_lakep,0
lakefluxes,integer,filter_lakep,1
lakefluxes,atm2lnd_type,atm2lnd_vars,0
lakefluxes,solarabs_type,solarabs_vars,0
lakefluxes,frictionvel_type,frictionvel_vars,0
lakefluxes,energyflux_type,energyflux_vars,0
lakefluxes,lakestate_type,lakestate_vars,0
baregroundfluxes,bounds_type,bounds,0
baregroundfluxes,integer,num_nolakeurbanp,0
baregroundfluxes,integer,filter_nolakeurbanp,1
baregroundfluxes,atm2lnd_type,atm2lnd_vars,0
baregroundfluxes,canopystate_type,canopystate_vars,0
baregroundfluxes,soilstate_type,soilstate_vars,0
baregroundfluxes,frictionvel_type,frictionvel_vars,0
baregroundfluxes,ch4_type,ch4_vars,0
